kind,name,source,handler,auth_dependencies,review_status,test_evidence
cron,boron-certbot-renew.cron:3,deploy/boron-certbot-renew.cron,/opt/boron/.venv/bin/certbot renew --quiet >> /var/log/boron/certbot-renew.log 2>&1,cron user=root,reviewed-fixed,"Source review plus 41 SSL tests, 8 final real-VM ACME hook tests, actual hosted/webmail HTTP challenge success/cleanup, locked idempotent renewal migration on both servers; 47 VM reporting tests, 24 focused parser/ownership cases, 25 HTTP/root scope cases. See SECURITY-AUDIT-REVIEW-2026-09-24.md for resource budgets and limitations."
cron,boron-cloudflare.cron:12,deploy/boron-cloudflare.cron,/opt/boron/scripts/cloudflare_ranges.py >> /var/log/boron/cloudflare-ranges.log 2>&1,cron user=root,pending,
cron,boron-cloudflare.cron:7,deploy/boron-cloudflare.cron,/opt/boron/scripts/cloudflare_zone_check.py >> /var/log/boron/cloudflare-zone-check.log 2>&1,cron user=root,pending,
cron,boron-geoip.cron:3,deploy/boron-geoip.cron,"/bin/sh -c 'key=""$(cat /etc/boron/maxmind-license 2>/dev/null)""; [ -n ""$key"" ] || exit 0; MAXMIND_LICENSE_KEY=""$key"" /opt/boron/.venv/bin/python -c ""import os,sys; sys.path.insert(0,\""/opt/boron\""); from daemon import geoip; geoip.download_database(os.environ[\""MAXMIND_LICENSE_KEY\""])"" >> /var/log/boron/geoip-refresh.log 2>&1'",cron user=root,pending,
cron,boron-jobs.cron:13,deploy/boron-jobs.cron,/opt/boron/scripts/backup_scheduler.py >> /var/log/boron/backup-scheduler.log 2>&1,cron user=root,pending,
cron,boron-jobs.cron:16,deploy/boron-jobs.cron,/opt/boron/scripts/pma_token_cleanup.py >> /var/log/boron/pma-token-cleanup.log 2>&1,cron user=root,reviewed-fixed,"PMA token hardening: 18 PMA unit/sign-on tests plus 1 exact-grant MariaDB test; VM token canary minted temp DB token, verified 0640 regular token file, expired cleanup dropped ephemeral DB user/file/row and dropped temp DB; primary hash deployed"
cron,boron-jobs.cron:17,deploy/boron-jobs.cron,/opt/boron/scripts/ssl_expiry_check.py >> /var/log/boron/ssl-expiry-check.log 2>&1,cron user=root,reviewed-fixed,"Source review plus 41 SSL tests, 8 final real-VM ACME hook tests, actual hosted/webmail HTTP challenge success/cleanup, locked idempotent renewal migration on both servers; 47 VM reporting tests, 24 focused parser/ownership cases, 25 HTTP/root scope cases. See SECURITY-AUDIT-REVIEW-2026-09-24.md for resource budgets and limitations."
cron,boron-jobs.cron:5,deploy/boron-jobs.cron,/opt/boron/.venv/bin/python /opt/boron/scripts/health_snapshot.py >> /var/log/boron/health-snapshot.log 2>&1,cron user=root,reviewed-tested,"Source: administrator-only global telemetry, root-internal snapshot, fixed chronyc argv with timeout/cache, bounded history hours/retention and parameterized SQL; tests/test_health.py (5) and root-policy gate; root-controlled cron log directory BSA-2026-055."
cron,boron-jobs.cron:8,deploy/boron-jobs.cron,/opt/boron/scripts/usage_snapshot.py >> /var/log/boron/usage-snapshot.log 2>&1,cron user=root,reviewed-fixed,"Source review plus 41 SSL tests, 8 final real-VM ACME hook tests, actual hosted/webmail HTTP challenge success/cleanup, locked idempotent renewal migration on both servers; 47 VM reporting tests, 24 focused parser/ownership cases, 25 HTTP/root scope cases. See SECURITY-AUDIT-REVIEW-2026-09-24.md for resource budgets and limitations."
cron,boron-jobs.cron:9,deploy/boron-jobs.cron,/opt/boron/scripts/usage_alert_check.py >> /var/log/boron/usage-alert-check.log 2>&1,cron user=root,pending,
cron,boron-maintenance.cron:8,deploy/boron-maintenance.cron,/opt/boron/scripts/maintenance_autodisable.py >> /var/log/boron/maintenance-autodisable.log 2>&1,cron user=root,pending,
cron,boron-monitoring.cron:8,deploy/boron-monitoring.cron,/opt/boron/scripts/monitoring_check.py >> /var/log/boron/monitoring-check.log 2>&1,cron user=root,pending,
cron,boron-sitestats.cron:9,deploy/boron-sitestats.cron,/opt/boron/scripts/sitestats_snapshot.py >> /var/log/boron/sitestats-snapshot.log 2>&1,cron user=root,reviewed-fixed,"Source review plus 41 SSL tests, 8 final real-VM ACME hook tests, actual hosted/webmail HTTP challenge success/cleanup, locked idempotent renewal migration on both servers; 47 VM reporting tests, 24 focused parser/ownership cases, 25 HTTP/root scope cases. See SECURITY-AUDIT-REVIEW-2026-09-24.md for resource budgets and limitations."
cron,boron-update.cron:8,deploy/boron-update.cron,/opt/boron/scripts/update_check.py >> /var/log/boron/update-check.log 2>&1,cron user=root,reviewed-fixed,"update/release gate: 16 API/version/signature, 89 update/finalizer, 11 release tests; VM signed 1.5.1 update job and rollback job completed; post-rollback admin login smoke"
dynamic-service,per-account FileBrowser unit,daemon/filebrowser_accounts.py,generated systemd unit,account owner and unit template pending review,reviewed-fixed,BSA-2026-030/BSA-2026-036; 46547ff/112ed30/b8ec15d; 92+43 focused tests; VM own/cross-account/write and hostile-backend canaries; Chromium HTML/SVG isolation; primary smoke
dynamic-service,per-account Node.js unit,daemon/nodeapps.py,generated systemd unit,account owner and unit template pending review,reviewed-fixed,"Source: account/app ID binding, command UID, validators, root-owned unit/env, BEGIN IMMEDIATE shared port allocation, encrypted environment and teardown; bbe5cbe/3a309e9; 66 application plus 40 command tests; 204 grouped route/policy/domain tests; real Redis socket UID canary. Generated-unit log canary recorded under BSA-2026-048."
dynamic-service,per-account Python unit,daemon/pythonapps.py,generated systemd unit,account owner and unit template pending review,reviewed-fixed,"Source: account/app ID binding, command UID, validators, root-owned unit/env, BEGIN IMMEDIATE shared port allocation, encrypted environment and teardown; bbe5cbe/3a309e9; 66 application plus 40 command tests; 204 grouped route/policy/domain tests; real Redis socket UID canary. Generated-unit log canary recorded under BSA-2026-048."
dynamic-service,per-account Redis unit,daemon/redisacct.py,generated systemd unit,account owner and unit template pending review,reviewed-fixed,"Source: account/app ID binding, command UID, validators, root-owned unit/env, BEGIN IMMEDIATE shared port allocation, encrypted environment and teardown; bbe5cbe/3a309e9; 66 application plus 40 command tests; 204 grouped route/policy/domain tests; real Redis socket UID canary. Generated-unit log canary recorded under BSA-2026-048."
dynamic-service,trusted FileBrowser frontend unit,daemon/filebrowser_accounts.py,generated systemd unit,account owner and unit template pending review,reviewed-fixed,BSA-2026-036; b8ec15d; 43 focused tests; VM hostile backend canary; primary trusted frontend service smoke
native-helper,mail_restore_gate.c,daemon/mail_restore_gate.c,mail_restore_gate.c,setuid/capabilities and caller pending review,reviewed-tested,Source/parser/UID/config review; 39 VM native gate/config tests pass; undefined-behavior sanitizer; 359 bounded binary-input cases; real isolated Dovecot delegation/temporary failure
python-script,acme_http_file.py,scripts/acme_http_file.py,acme_http_file.py,invocation and effective UID pending review,reviewed-fixed,"Source review plus 41 SSL tests, 8 final real-VM ACME hook tests, actual hosted/webmail HTTP challenge success/cleanup, locked idempotent renewal migration on both servers; 47 VM reporting tests, 24 focused parser/ownership cases, 25 HTTP/root scope cases. See SECURITY-AUDIT-REVIEW-2026-09-24.md for resource budgets and limitations."
python-script,acme_http_hook.py,scripts/acme_http_hook.py,acme_http_hook.py,invocation and effective UID pending review,reviewed-fixed,"Source review plus 41 SSL tests, 8 final real-VM ACME hook tests, actual hosted/webmail HTTP challenge success/cleanup, locked idempotent renewal migration on both servers; 47 VM reporting tests, 24 focused parser/ownership cases, 25 HTTP/root scope cases. See SECURITY-AUDIT-REVIEW-2026-09-24.md for resource budgets and limitations."
python-script,app_exec.py,scripts/app_exec.py,app_exec.py,invocation and effective UID pending review,reviewed-fixed,BSA-2026-048; tests/test_app_log_security.py; real VM log canary; 594e465
python-script,app_files.py,scripts/app_files.py,app_files.py,invocation and effective UID pending review,reviewed-fixed,BSA-2026-034/035; 7edecb9; 41 focused tests; VM 10 UID canaries; VM static API install; primary hotfix hash/service/login smoke
python-script,backup_scheduler.py,scripts/backup_scheduler.py,backup_scheduler.py,invocation and effective UID pending review,pending,
python-script,cloudflare_ranges.py,scripts/cloudflare_ranges.py,cloudflare_ranges.py,invocation and effective UID pending review,pending,
python-script,cloudflare_zone_check.py,scripts/cloudflare_zone_check.py,cloudflare_zone_check.py,invocation and effective UID pending review,pending,
python-script,create_admin.py,scripts/create_admin.py,create_admin.py,invocation and effective UID pending review,pending,
python-script,export_openapi.py,scripts/export_openapi.py,export_openapi.py,invocation and effective UID pending review,pending,
python-script,health_snapshot.py,scripts/health_snapshot.py,health_snapshot.py,invocation and effective UID pending review,reviewed-tested,"Source: administrator-only global telemetry, root-internal snapshot, fixed chronyc argv with timeout/cache, bounded history hours/retention and parameterized SQL; tests/test_health.py (5) and root-policy gate; root-controlled cron log directory BSA-2026-055."
python-script,maintenance_autodisable.py,scripts/maintenance_autodisable.py,maintenance_autodisable.py,invocation and effective UID pending review,pending,
python-script,monitoring_check.py,scripts/monitoring_check.py,monitoring_check.py,invocation and effective UID pending review,pending,
python-script,panel_ssl_deploy.py,scripts/panel_ssl_deploy.py,panel_ssl_deploy.py,invocation and effective UID pending review,pending,
python-script,pma_token_cleanup.py,scripts/pma_token_cleanup.py,pma_token_cleanup.py,invocation and effective UID pending review,reviewed-fixed,"PMA token hardening: 18 PMA unit/sign-on tests plus 1 exact-grant MariaDB test; VM token canary minted temp DB token, verified 0640 regular token file, expired cleanup dropped ephemeral DB user/file/row and dropped temp DB; primary hash deployed"
python-script,reconcile_db_grants.py,scripts/reconcile_db_grants.py,reconcile_db_grants.py,invocation and effective UID pending review,pending,
python-script,reconcile_ftps_tls.py,scripts/reconcile_ftps_tls.py,reconcile_ftps_tls.py,invocation and effective UID pending review,pending,
python-script,reconcile_litespeed_repo.py,scripts/reconcile_litespeed_repo.py,reconcile_litespeed_repo.py,invocation and effective UID pending review,pending,
python-script,reconcile_ols_webadmin.py,scripts/reconcile_ols_webadmin.py,reconcile_ols_webadmin.py,invocation and effective UID pending review,pending,
python-script,security_inventory.py,scripts/security_inventory.py,security_inventory.py,invocation and effective UID pending review,pending,
python-script,sign_release.py,scripts/sign_release.py,sign_release.py,invocation and effective UID pending review,pending,
python-script,sitestats_snapshot.py,scripts/sitestats_snapshot.py,sitestats_snapshot.py,invocation and effective UID pending review,reviewed-fixed,"Source review plus 41 SSL tests, 8 final real-VM ACME hook tests, actual hosted/webmail HTTP challenge success/cleanup, locked idempotent renewal migration on both servers; 47 VM reporting tests, 24 focused parser/ownership cases, 25 HTTP/root scope cases. See SECURITY-AUDIT-REVIEW-2026-09-24.md for resource budgets and limitations."
python-script,ssl_deploy_hook.py,scripts/ssl_deploy_hook.py,ssl_deploy_hook.py,invocation and effective UID pending review,reviewed-fixed,"Source review plus 41 SSL tests, 8 final real-VM ACME hook tests, actual hosted/webmail HTTP challenge success/cleanup, locked idempotent renewal migration on both servers; 47 VM reporting tests, 24 focused parser/ownership cases, 25 HTTP/root scope cases. See SECURITY-AUDIT-REVIEW-2026-09-24.md for resource budgets and limitations."
python-script,ssl_expiry_check.py,scripts/ssl_expiry_check.py,ssl_expiry_check.py,invocation and effective UID pending review,reviewed-fixed,"Source review plus 41 SSL tests, 8 final real-VM ACME hook tests, actual hosted/webmail HTTP challenge success/cleanup, locked idempotent renewal migration on both servers; 47 VM reporting tests, 24 focused parser/ownership cases, 25 HTTP/root scope cases. See SECURITY-AUDIT-REVIEW-2026-09-24.md for resource budgets and limitations."
python-script,update_check.py,scripts/update_check.py,update_check.py,invocation and effective UID pending review,reviewed-fixed,"update/release gate: 16 API/version/signature, 89 update/finalizer, 11 release tests; VM signed 1.5.1 update job and rollback job completed; post-rollback admin login smoke"
python-script,update_finalize.py,scripts/update_finalize.py,update_finalize.py,invocation and effective UID pending review,reviewed-fixed,"update/release gate: 16 API/version/signature, 89 update/finalizer, 11 release tests; VM signed 1.5.1 update job and rollback job completed; post-rollback admin login smoke"
python-script,usage_alert_check.py,scripts/usage_alert_check.py,usage_alert_check.py,invocation and effective UID pending review,pending,
python-script,usage_snapshot.py,scripts/usage_snapshot.py,usage_snapshot.py,invocation and effective UID pending review,reviewed-fixed,"Source review plus 41 SSL tests, 8 final real-VM ACME hook tests, actual hosted/webmail HTTP challenge success/cleanup, locked idempotent renewal migration on both servers; 47 VM reporting tests, 24 focused parser/ownership cases, 25 HTTP/root scope cases. See SECURITY-AUDIT-REVIEW-2026-09-24.md for resource budgets and limitations."
python-script,verify_phase7b_live.py,scripts/verify_phase7b_live.py,verify_phase7b_live.py,invocation and effective UID pending review,pending,
python-script,wordpress_files.py,scripts/wordpress_files.py,wordpress_files.py,invocation and effective UID pending review,reviewed-fixed,BSA-2026-034; 09329f7/faf0a27; focused WordPress/safeio tests; VM UID canaries and WordPress acceptance; primary hotfix
python-script,wordpress_manage.py,scripts/wordpress_manage.py,wordpress_manage.py,invocation and effective UID pending review,pending,
route,DELETE /api/v1/accounts/{username}/apps/node/{app_id},api/routers/nodeapps.py,delete_node_app,get_identity,reviewed-fixed,"Source: account/app ID binding, command UID, validators, root-owned unit/env, BEGIN IMMEDIATE shared port allocation, encrypted environment and teardown; bbe5cbe/3a309e9; 66 application plus 40 command tests; 204 grouped route/policy/domain tests; real Redis socket UID canary. Generated-unit log canary recorded under BSA-2026-048."
route,DELETE /api/v1/accounts/{username}/apps/python/{app_id},api/routers/pythonapps.py,delete_python_app,get_identity,reviewed-fixed,"Source: account/app ID binding, command UID, validators, root-owned unit/env, BEGIN IMMEDIATE shared port allocation, encrypted environment and teardown; bbe5cbe/3a309e9; 66 application plus 40 command tests; 204 grouped route/policy/domain tests; real Redis socket UID canary. Generated-unit log canary recorded under BSA-2026-048."
route,DELETE /api/v1/accounts/{username}/crons/{job_id},api/routers/cron.py,delete_cron,get_identity,reviewed-tested,SECURITY-AUDIT-REVIEW-2026-09-24.md; lifecycle-dns-review-tests.log (140 passed); outbound-security-tests.log (227 passed); root RPC role/ownership matrix. Deployment acceptance separate.
route,DELETE /api/v1/accounts/{username}/databases/{name},api/routers/databases.py,drop_database,get_identity,reviewed-fixed,"database/FTP lifecycle hardening: 47 database/FTP/RPC-authority tests; VM canary forced post-create bookkeeping failures and external delete failures, proving created DB/FTP objects are cleaned up or rows retained for retry; primary hashes deployed"
route,DELETE /api/v1/accounts/{username}/domains/{domain},api/routers/domains.py,remove_domain,get_identity,reviewed-fixed,BSA-2026-046; account/domain ownership before dispatch; 85 ownership tests plus VM cases
route,DELETE /api/v1/accounts/{username}/domains/{domain}/email/autoresponders/{local_part},api/routers/email.py,delete_autoresponder,get_identity,reviewed-fixed,autoresponder Sieve rollback hardening: 82 handler/autoresponder/mail-mutation/RPC-authority tests; VM canary forced row set/delete failures and verified .dovecot.sieve new-file removal and old-file restoration; primary handlers_mail.py hash deployed
route,DELETE /api/v1/accounts/{username}/domains/{domain}/email/catchall,api/routers/email.py,delete_catchall,get_identity,pending,
route,DELETE /api/v1/accounts/{username}/domains/{domain}/email/forwarders,api/routers/email.py,delete_forwarder,get_identity,pending,
route,DELETE /api/v1/accounts/{username}/domains/{domain}/error-pages/{code},api/routers/errorpages.py,delete_error_page,get_identity,reviewed-fixed,Shared no-follow file/tenant ACL fix; sandboxed HTML preview; test_feature_scope_review.py; test_custom_pages.py; Chromium error-preview-security.spec.js normal CSP and bypassCSP cases passed
route,DELETE /api/v1/accounts/{username}/domains/{domain}/forwarding,api/routers/forwarding.py,delete_forwarding,get_identity,reviewed-tested,"Source: account/domain binding, row scopes, redirect/status/CIDR/allowlist validation, OLS rule interpolation, escaped maintenance HTML, generated bypass token and private custom-page writer; 204 grouped route/policy/domain tests. Failed OLS applies return errors; DB retains desired settings (not a claim of transactional rollback)."
route,DELETE /api/v1/accounts/{username}/domains/{domain}/ip-block,api/routers/ipblock.py,remove_ip_block,get_identity,reviewed-tested,"Source: account/domain binding, row scopes, redirect/status/CIDR/allowlist validation, OLS rule interpolation, escaped maintenance HTML, generated bypass token and private custom-page writer; 204 grouped route/policy/domain tests. Failed OLS applies return errors; DB retains desired settings (not a claim of transactional rollback)."
route,DELETE /api/v1/accounts/{username}/domains/{domain}/nameservers,api/routers/nameservers.py,reset_nameservers,get_identity,reviewed-tested,SECURITY-AUDIT-REVIEW-2026-09-24.md; final-auth-boundaries.log (76 passed); notification-mfa-review.log (273 passed); lifecycle-dns-review-tests.log (140 passed); explicit role/owner checks reviewed.
route,DELETE /api/v1/accounts/{username}/domains/{domain}/redirects,api/routers/redirects.py,delete_redirect,get_identity,reviewed-tested,"Source: account/domain binding, row scopes, redirect/status/CIDR/allowlist validation, OLS rule interpolation, escaped maintenance HTML, generated bypass token and private custom-page writer; 204 grouped route/policy/domain tests. Failed OLS applies return errors; DB retains desired settings (not a claim of transactional rollback)."
route,DELETE /api/v1/accounts/{username}/domains/{domain}/staging,api/routers/staging.py,delete_staging,get_identity,reviewed-fixed,f5618e3; account/domain access; staging-boundary-tests.log and VM tenant copy canaries
route,DELETE /api/v1/accounts/{username}/email/{mailbox}/spam-filters,api/routers/spamfilter.py,delete_entry,get_identity,reviewed-fixed,spamfilter entry rollback hardening: 93 spamfilter/mail/RPC-authority tests; VM canary forced global Sieve refresh failures on add/delete/import/mailbox cleanup and verified DB rows rolled back or restored; primary spamfilter.py hash deployed
route,DELETE /api/v1/accounts/{username}/file-auth,api/routers/fileauth.py,disable_protection,get_identity,reviewed-fixed,"fileauth symlink-safe htpasswd hardening: 31 fileauth/RPC-authority tests; VM canary enabled temp docroot dir, added/listed/deleted bcrypt user, rejected swapped .htpasswd symlink without touching canary, disabled row and cleaned temp dir; primary hash deployed"
route,DELETE /api/v1/accounts/{username}/file-auth/users,api/routers/fileauth.py,delete_user,get_identity,reviewed-fixed,"fileauth symlink-safe htpasswd hardening: 31 fileauth/RPC-authority tests; VM canary enabled temp docroot dir, added/listed/deleted bcrypt user, rejected swapped .htpasswd symlink without touching canary, disabled row and cleaned temp dir; primary hash deployed"
route,DELETE /api/v1/accounts/{username}/ftp/{label},api/routers/ftp.py,delete_ftp_account,get_identity,reviewed-fixed,"database/FTP lifecycle hardening: 47 database/FTP/RPC-authority tests; VM canary forced post-create bookkeeping failures and external delete failures, proving created DB/FTP objects are cleaned up or rows retained for retry; primary hashes deployed"
route,DELETE /api/v1/accounts/{username}/git/{name},api/routers/git.py,delete_repo,get_identity,reviewed-fixed,BSA-2026-047; source filesystem/role review; tests/test_feature_scope_review.py and test_gitrepo.py; VM Git canary; 9aa8d30
route,DELETE /api/v1/accounts/{username}/parked-domains/{parked_domain},api/routers/parked.py,remove_parked,get_identity,reviewed-tested,SECURITY-AUDIT-REVIEW-2026-09-24.md; final-auth-boundaries.log (76 passed); notification-mfa-review.log (273 passed); lifecycle-dns-review-tests.log (140 passed); explicit role/owner checks reviewed.
route,DELETE /api/v1/accounts/{username}/php-extensions,api/routers/php_ini.py,reset_php_extensions,get_identity,reviewed-tested,SECURITY-AUDIT-REVIEW-2026-09-24.md; scanner-cloudflare-review.log (119 passed); php-extension-path-security.log (25 passed); old PHP path escape reproduced in isolated fixture. Root ownership policies and role checks reviewed; final release gate separate.
route,DELETE /api/v1/accounts/{username}/php-ini,api/routers/php_ini.py,reset_php_ini,get_identity,reviewed-tested,SECURITY-AUDIT-REVIEW-2026-09-24.md; scanner-cloudflare-review.log (119 passed); php-extension-path-security.log (25 passed); old PHP path escape reproduced in isolated fixture. Root ownership policies and role checks reviewed; final release gate separate.
route,DELETE /api/v1/accounts/{username}/processes/{pid},api/routers/processes.py,kill_process,get_identity,pending,
route,DELETE /api/v1/accounts/{username}/redis,api/routers/redis_router.py,disable_redis,get_identity,reviewed-fixed,"Source: account/app ID binding, command UID, validators, root-owned unit/env, BEGIN IMMEDIATE shared port allocation, encrypted environment and teardown; bbe5cbe/3a309e9; 66 application plus 40 command tests; 204 grouped route/policy/domain tests; real Redis socket UID canary. Generated-unit log canary recorded under BSA-2026-048."
route,DELETE /api/v1/accounts/{username}/ssh-keys/{fingerprint},api/routers/sshkeys.py,delete_key,get_identity,reviewed-tested,All routes require customer self access; validated public keys; shared-I/O/SSH 70-case regression
route,DELETE /api/v1/admin/accounts/{username}/php-functions,api/routers/php_functions.py,delete_override,get_identity,reviewed-tested,SECURITY-AUDIT-REVIEW-2026-09-24.md; scanner-cloudflare-review.log (119 passed); php-extension-path-security.log (25 passed); old PHP path escape reproduced in isolated fixture. Root ownership policies and role checks reviewed; final release gate separate.
route,DELETE /api/v1/admin/branding/favicon,api/routers/branding.py,remove_favicon,get_identity,reviewed-fixed,SVG vocabulary and CSP reviewed; 45 branding cases in imap-branding-review.log plus bounded upload test
route,DELETE /api/v1/admin/branding/logo,api/routers/branding.py,remove_logo,get_identity,reviewed-fixed,SVG vocabulary and CSP reviewed; 45 branding cases in imap-branding-review.log plus bounded upload test
route,DELETE /api/v1/admin/db/queries/{thread_id},api/routers/dbmonitor.py,kill_query,get_identity,reviewed-tested,"Manual router-to-handler review: admin-only root policy, fixed command/service allowlists, validated identifiers/CIDRs/settings, bound SQL, scoped IP ownership, root-controlled configuration/credential files, OLS no-store reveal, sandboxed template preview. 247 route/service/whitelist, 81 network, 23 dispatch/reconcile, 77 lifecycle/package, 57 mailqueue/template/IP/OLS, 36 monitor/audit tests; 251 audit-export/role tests. See SECURITY-AUDIT-REVIEW-2026-09-24.md for deployment and limitations."
route,DELETE /api/v1/admin/ip-bans/{ban_id},api/routers/ipban.py,delete_ban,get_identity,reviewed-fixed,"Manual router-to-handler review: admin-only root policy, fixed command/service allowlists, validated identifiers/CIDRs/settings, bound SQL, scoped IP ownership, root-controlled configuration/credential files, OLS no-store reveal, sandboxed template preview. 247 route/service/whitelist, 81 network, 23 dispatch/reconcile, 77 lifecycle/package, 57 mailqueue/template/IP/OLS, 36 monitor/audit tests; 251 audit-export/role tests. See SECURITY-AUDIT-REVIEW-2026-09-24.md for deployment and limitations."
route,DELETE /api/v1/admin/ip-management/ips/{ip_id},api/routers/ipmanager.py,delete_ip,get_identity,reviewed-tested,"Manual router-to-handler review: admin-only root policy, fixed command/service allowlists, validated identifiers/CIDRs/settings, bound SQL, scoped IP ownership, root-controlled configuration/credential files, OLS no-store reveal, sandboxed template preview. 247 route/service/whitelist, 81 network, 23 dispatch/reconcile, 77 lifecycle/package, 57 mailqueue/template/IP/OLS, 36 monitor/audit tests; 251 audit-export/role tests. See SECURITY-AUDIT-REVIEW-2026-09-24.md for deployment and limitations."
route,DELETE /api/v1/admin/plans/{plan_id},api/routers/plans.py,delete_plan,get_identity,reviewed-fixed,"Manual router-to-handler review: admin-only root policy, fixed command/service allowlists, validated identifiers/CIDRs/settings, bound SQL, scoped IP ownership, root-controlled configuration/credential files, OLS no-store reveal, sandboxed template preview. 247 route/service/whitelist, 81 network, 23 dispatch/reconcile, 77 lifecycle/package, 57 mailqueue/template/IP/OLS, 36 monitor/audit tests; 251 audit-export/role tests. See SECURITY-AUDIT-REVIEW-2026-09-24.md for deployment and limitations."
route,DELETE /api/v1/admin/resellers/plans/{plan_id},api/routers/resellers.py,delete_plan,get_identity,reviewed-tested,SECURITY-AUDIT-REVIEW-2026-09-24.md; lifecycle-dns-review-tests.log (140 passed); outbound-security-tests.log (227 passed); root RPC role/ownership matrix. Deployment acceptance separate.
route,DELETE /api/v1/admin/templates/welcome-email,api/routers/site_templates.py,reset_welcome_email,get_identity,reviewed-tested,"Manual router-to-handler review: admin-only root policy, fixed command/service allowlists, validated identifiers/CIDRs/settings, bound SQL, scoped IP ownership, root-controlled configuration/credential files, OLS no-store reveal, sandboxed template preview. 247 route/service/whitelist, 81 network, 23 dispatch/reconcile, 77 lifecycle/package, 57 mailqueue/template/IP/OLS, 36 monitor/audit tests; 251 audit-export/role tests. See SECURITY-AUDIT-REVIEW-2026-09-24.md for deployment and limitations."
route,DELETE /api/v1/admin/webhooks/{webhook_id},api/routers/webhooks.py,delete_webhook,get_identity,reviewed-tested,SECURITY-AUDIT-REVIEW-2026-09-24.md; lifecycle-dns-review-tests.log (140 passed); outbound-security-tests.log (227 passed); root RPC role/ownership matrix. Deployment acceptance separate.
route,DELETE /api/v1/backups/destinations/{destination_id},api/routers/backups.py,delete_destination,get_identity,pending,
route,DELETE /api/v1/cloudflare/accounts/{account_id},api/routers/cloudflare.py,delete_account,get_identity,reviewed-tested,SECURITY-AUDIT-REVIEW-2026-09-24.md; scanner-cloudflare-review.log (119 passed); php-extension-path-security.log (25 passed); old PHP path escape reproduced in isolated fixture. Root ownership policies and role checks reviewed; final release gate separate.
route,DELETE /api/v1/dns/zones/{domain}/records,api/routers/dns.py,delete_record,get_identity,pending,
route,DELETE /api/v1/firewall/bypass/{bypass_id},api/routers/firewall.py,delete_bypass,get_identity,reviewed-fixed,"Manual router-to-handler review: admin-only root policy, fixed command/service allowlists, validated identifiers/CIDRs/settings, bound SQL, scoped IP ownership, root-controlled configuration/credential files, OLS no-store reveal, sandboxed template preview. 247 route/service/whitelist, 81 network, 23 dispatch/reconcile, 77 lifecycle/package, 57 mailqueue/template/IP/OLS, 36 monitor/audit tests; 251 audit-export/role tests. See SECURITY-AUDIT-REVIEW-2026-09-24.md for deployment and limitations."
route,DELETE /api/v1/firewall/rules/{rule_id},api/routers/firewall.py,delete_rule,get_identity,reviewed-fixed,"Manual router-to-handler review: admin-only root policy, fixed command/service allowlists, validated identifiers/CIDRs/settings, bound SQL, scoped IP ownership, root-controlled configuration/credential files, OLS no-store reveal, sandboxed template preview. 247 route/service/whitelist, 81 network, 23 dispatch/reconcile, 77 lifecycle/package, 57 mailqueue/template/IP/OLS, 36 monitor/audit tests; 251 audit-export/role tests. See SECURITY-AUDIT-REVIEW-2026-09-24.md for deployment and limitations."
route,DELETE /api/v1/mail/domains/{domain}/mailboxes/{local_part},api/routers/mail.py,delete_mailbox,get_identity,reviewed-fixed,mail lifecycle hardening: 63 mail/mutation/RPC-authority tests; VM canary forced post-create cache failures and verified external mail domain/mailbox/maildir/cache cleanup; no-owner domain create now fails before external create; primary handlers_mail.py hash matches and boron-provisiond active; BSA-2026-045: domain-wide spam rules/prefs cleanup; retain cache for retry; 123 distinct targeted tests across runs and 6 real VM cleanup/retry assertions; primary hotfixed
route,DELETE /api/v1/security/ip-whitelist/{entry_id},api/routers/ipwhitelist.py,delete_entry,get_identity,reviewed-tested,"Manual router-to-handler review: admin-only root policy, fixed command/service allowlists, validated identifiers/CIDRs/settings, bound SQL, scoped IP ownership, root-controlled configuration/credential files, OLS no-store reveal, sandboxed template preview. 247 route/service/whitelist, 81 network, 23 dispatch/reconcile, 77 lifecycle/package, 57 mailqueue/template/IP/OLS, 36 monitor/audit tests; 251 audit-export/role tests. See SECURITY-AUDIT-REVIEW-2026-09-24.md for deployment and limitations."
route,DELETE /api/v1/tokens/{token_id},api/routers/tokens.py,revoke_token,get_identity,reviewed-fixed,"auth/session/TOTP/RPC authority: 82 focused tests passed; hashed sessions, root-side login protocol, token admin checks, TOTP replay/recovery serialization, live VM login smoke"
route,DELETE /api/v1/waf/custom-rules/{rule_id},api/routers/waf.py,delete_custom_rule,get_identity,reviewed-fixed,BSA-2026-072; administrator-only controls; waf-file-transaction-tests.log
route,DELETE /files,api/routers/filebrowser.py,proxy,manual-auth-inside-handler,reviewed-fixed,BSA-2026-030/BSA-2026-036; 46547ff/112ed30/b8ec15d; 92+43 focused tests; VM own/cross-account/write and hostile-backend canaries; Chromium HTML/SVG isolation; primary smoke
route,DELETE /files/{path:path},api/routers/filebrowser.py,proxy,manual-auth-inside-handler,reviewed-fixed,BSA-2026-030/BSA-2026-036; 46547ff/112ed30/b8ec15d; 92+43 focused tests; VM own/cross-account/write and hostile-backend canaries; Chromium HTML/SVG isolation; primary smoke
route,GET /,api/main.py,root,,reviewed-public,tests/test_public_route_inventory.py
route,GET /api/docs,api/main.py,swagger_ui,get_identity,pending,
route,GET /api/openapi.json,api/main.py,openapi_schema,get_identity,pending,
route,GET /api/redoc,api/main.py,redoc_ui,get_identity,pending,
route,GET /api/v1/2fa/status,api/routers/twofactor.py,get_status,get_identity,reviewed-tested,SECURITY-AUDIT-REVIEW-2026-09-24.md; final-auth-boundaries.log (76 passed); notification-mfa-review.log (273 passed); lifecycle-dns-review-tests.log (140 passed); explicit role/owner checks reviewed.
route,GET /api/v1/accounts,api/routers/accounts.py,list_accounts,get_identity,reviewed-tested,"Reviewed admin/account access, scoped listings and root dispatch; account quota/lifecycle and root-authority regressions recorded"
route,GET /api/v1/accounts/namespace/bulk-enable/{job_id},api/routers/accounts.py,get_namespace_bulk_enable,get_identity,reviewed-tested,"Reviewed admin/account access, scoped listings and root dispatch; account quota/lifecycle and root-authority regressions recorded"
route,GET /api/v1/accounts/{username},api/routers/accounts.py,get_account,get_identity,reviewed-tested,"Reviewed admin/account access, scoped listings and root dispatch; account quota/lifecycle and root-authority regressions recorded"
route,GET /api/v1/accounts/{username}/alerts,api/routers/usage_alerts.py,get_alerts,get_identity,reviewed-tested,SECURITY-AUDIT-REVIEW-2026-09-24.md; lifecycle-dns-review-tests.log (140 passed); outbound-security-tests.log (227 passed); root RPC role/ownership matrix. Deployment acceptance separate.
route,GET /api/v1/accounts/{username}/apps,api/routers/apps.py,list_installed_apps,get_identity,pending,
route,GET /api/v1/accounts/{username}/apps/node,api/routers/nodeapps.py,list_node_apps,get_identity,reviewed-fixed,"Source: account/app ID binding, command UID, validators, root-owned unit/env, BEGIN IMMEDIATE shared port allocation, encrypted environment and teardown; bbe5cbe/3a309e9; 66 application plus 40 command tests; 204 grouped route/policy/domain tests; real Redis socket UID canary. Generated-unit log canary recorded under BSA-2026-048."
route,GET /api/v1/accounts/{username}/apps/node/{app_id},api/routers/nodeapps.py,get_node_app,get_identity,reviewed-fixed,"Source: account/app ID binding, command UID, validators, root-owned unit/env, BEGIN IMMEDIATE shared port allocation, encrypted environment and teardown; bbe5cbe/3a309e9; 66 application plus 40 command tests; 204 grouped route/policy/domain tests; real Redis socket UID canary. Generated-unit log canary recorded under BSA-2026-048."
route,GET /api/v1/accounts/{username}/apps/node/{app_id}/logs,api/routers/nodeapps.py,get_node_app_logs,get_identity,reviewed-fixed,"Source: account/app ID binding, command UID, validators, root-owned unit/env, BEGIN IMMEDIATE shared port allocation, encrypted environment and teardown; bbe5cbe/3a309e9; 66 application plus 40 command tests; 204 grouped route/policy/domain tests; real Redis socket UID canary. Generated-unit log canary recorded under BSA-2026-048."
route,GET /api/v1/accounts/{username}/apps/python,api/routers/pythonapps.py,list_python_apps,get_identity,reviewed-fixed,"Source: account/app ID binding, command UID, validators, root-owned unit/env, BEGIN IMMEDIATE shared port allocation, encrypted environment and teardown; bbe5cbe/3a309e9; 66 application plus 40 command tests; 204 grouped route/policy/domain tests; real Redis socket UID canary. Generated-unit log canary recorded under BSA-2026-048."
route,GET /api/v1/accounts/{username}/apps/python/{app_id},api/routers/pythonapps.py,get_python_app,get_identity,reviewed-fixed,"Source: account/app ID binding, command UID, validators, root-owned unit/env, BEGIN IMMEDIATE shared port allocation, encrypted environment and teardown; bbe5cbe/3a309e9; 66 application plus 40 command tests; 204 grouped route/policy/domain tests; real Redis socket UID canary. Generated-unit log canary recorded under BSA-2026-048."
route,GET /api/v1/accounts/{username}/apps/python/{app_id}/logs,api/routers/pythonapps.py,get_python_app_logs,get_identity,reviewed-fixed,"Source: account/app ID binding, command UID, validators, root-owned unit/env, BEGIN IMMEDIATE shared port allocation, encrypted environment and teardown; bbe5cbe/3a309e9; 66 application plus 40 command tests; 204 grouped route/policy/domain tests; real Redis socket UID canary. Generated-unit log canary recorded under BSA-2026-048."
route,GET /api/v1/accounts/{username}/backups,api/routers/account_backups.py,list_account_jobs,get_identity,pending,
route,GET /api/v1/accounts/{username}/backups/restores/list,api/routers/account_backups.py,list_account_restores,get_identity,pending,
route,GET /api/v1/accounts/{username}/backups/snapshots/restores,api/routers/account_backups.py,snapshot_restore_history,get_identity,pending,
route,GET /api/v1/accounts/{username}/backups/snapshots/runs,api/routers/account_backups.py,list_snapshot_runs,get_identity,pending,
route,GET /api/v1/accounts/{username}/backups/snapshots/runs/{run_id}/browse,api/routers/account_backups.py,browse_snapshot,get_identity,pending,
route,GET /api/v1/accounts/{username}/backups/snapshots/runs/{run_id}/configuration,api/routers/account_backups.py,snapshot_configuration,get_identity,pending,
route,GET /api/v1/accounts/{username}/backups/snapshots/runs/{run_id}/databases,api/routers/account_backups.py,snapshot_databases,get_identity,pending,
route,GET /api/v1/accounts/{username}/backups/snapshots/runs/{run_id}/mail-routing,api/routers/account_backups.py,snapshot_mail_routing,get_identity,pending,
route,GET /api/v1/accounts/{username}/backups/snapshots/runs/{run_id}/mailboxes,api/routers/account_backups.py,snapshot_mailboxes,get_identity,pending,
route,GET /api/v1/accounts/{username}/backups/{job_id},api/routers/account_backups.py,get_job,get_identity,pending,
route,GET /api/v1/accounts/{username}/backups/{job_id}/browse,api/routers/account_backups.py,browse_backup,get_identity,pending,
route,GET /api/v1/accounts/{username}/bandwidth,api/routers/bandwidth.py,get_bandwidth,get_identity,reviewed-fixed,"Source review plus 41 SSL tests, 8 final real-VM ACME hook tests, actual hosted/webmail HTTP challenge success/cleanup, locked idempotent renewal migration on both servers; 47 VM reporting tests, 24 focused parser/ownership cases, 25 HTTP/root scope cases. See SECURITY-AUDIT-REVIEW-2026-09-24.md for resource budgets and limitations."
route,GET /api/v1/accounts/{username}/composer/runs,api/routers/devtools.py,list_composer_runs,get_identity,reviewed-tested,wordpress-tools-review.log:57 passed; account-scoped command jobs and tenant execution
route,GET /api/v1/accounts/{username}/composer/runs/{job_id},api/routers/devtools.py,get_composer_run,get_identity,reviewed-tested,wordpress-tools-review.log:57 passed; account-scoped command jobs and tenant execution
route,GET /api/v1/accounts/{username}/crons,api/routers/cron.py,list_crons,get_identity,reviewed-tested,SECURITY-AUDIT-REVIEW-2026-09-24.md; lifecycle-dns-review-tests.log (140 passed); outbound-security-tests.log (227 passed); root RPC role/ownership matrix. Deployment acceptance separate.
route,GET /api/v1/accounts/{username}/crons/mailto,api/routers/cron.py,get_mailto,get_identity,reviewed-tested,SECURITY-AUDIT-REVIEW-2026-09-24.md; lifecycle-dns-review-tests.log (140 passed); outbound-security-tests.log (227 passed); root RPC role/ownership matrix. Deployment acceptance separate.
route,GET /api/v1/accounts/{username}/databases,api/routers/databases.py,list_databases,get_identity,reviewed-fixed,"database/FTP lifecycle hardening: 47 database/FTP/RPC-authority tests; VM canary forced post-create bookkeeping failures and external delete failures, proving created DB/FTP objects are cleaned up or rows retained for retry; primary hashes deployed"
route,GET /api/v1/accounts/{username}/disk-tree,api/routers/disktree.py,get_disk_tree,get_identity,reviewed-fixed,"3a309e9; source path scope and tenant UID du/find, bounded output and NUL records; 10 functional/filename tests; real VM root-vs-tenant path-swap canary; grouped route/policy denial tests."
route,GET /api/v1/accounts/{username}/disk-tree/top-files,api/routers/disktree.py,get_top_files,get_identity,reviewed-fixed,"3a309e9; source path scope and tenant UID du/find, bounded output and NUL records; 10 functional/filename tests; real VM root-vs-tenant path-swap canary; grouped route/policy denial tests."
route,GET /api/v1/accounts/{username}/domains,api/routers/domains.py,list_domains,get_identity,reviewed-fixed,BSA-2026-046; account/domain ownership before dispatch; 85 ownership tests plus VM cases
route,GET /api/v1/accounts/{username}/domains/{domain}/apps/jobs/{job_id},api/routers/apps.py,get_job,get_identity,pending,
route,GET /api/v1/accounts/{username}/domains/{domain}/email/autoresponders/{local_part},api/routers/email.py,get_autoresponder,get_identity,reviewed-fixed,autoresponder Sieve rollback hardening: 82 handler/autoresponder/mail-mutation/RPC-authority tests; VM canary forced row set/delete failures and verified .dovecot.sieve new-file removal and old-file restoration; primary handlers_mail.py hash deployed
route,GET /api/v1/accounts/{username}/domains/{domain}/email/catchall,api/routers/email.py,get_catchall,get_identity,pending,
route,GET /api/v1/accounts/{username}/domains/{domain}/email/forwarders,api/routers/email.py,list_forwarders,get_identity,pending,
route,GET /api/v1/accounts/{username}/domains/{domain}/email/routing,api/routers/email_extras.py,get_routing,get_identity,pending,
route,GET /api/v1/accounts/{username}/domains/{domain}/email/spam-filter,api/routers/email.py,get_spam_filter,get_identity,reviewed-fixed,"spam-filter consistency hardening: 89 mail/spamfilter/RPC-authority tests; VM canary verified per-domain prefs/DB rollback, global local.cf lint-before-apply, global DB failure restore, and primary hashes deployed"
route,GET /api/v1/accounts/{username}/domains/{domain}/error-pages,api/routers/errorpages.py,list_error_pages,get_identity,reviewed-fixed,Shared no-follow file/tenant ACL fix; sandboxed HTML preview; test_feature_scope_review.py; test_custom_pages.py; Chromium error-preview-security.spec.js normal CSP and bypassCSP cases passed
route,GET /api/v1/accounts/{username}/domains/{domain}/error-pages/{code},api/routers/errorpages.py,get_error_page,get_identity,reviewed-fixed,Shared no-follow file/tenant ACL fix; sandboxed HTML preview; test_feature_scope_review.py; test_custom_pages.py; Chromium error-preview-security.spec.js normal CSP and bypassCSP cases passed
route,GET /api/v1/accounts/{username}/domains/{domain}/forwarding,api/routers/forwarding.py,get_forwarding,get_identity,reviewed-tested,"Source: account/domain binding, row scopes, redirect/status/CIDR/allowlist validation, OLS rule interpolation, escaped maintenance HTML, generated bypass token and private custom-page writer; 204 grouped route/policy/domain tests. Failed OLS applies return errors; DB retains desired settings (not a claim of transactional rollback)."
route,GET /api/v1/accounts/{username}/domains/{domain}/hotlink-protection,api/routers/hotlink.py,get_hotlink_protection,get_identity,reviewed-tested,"Source: account/domain binding, row scopes, redirect/status/CIDR/allowlist validation, OLS rule interpolation, escaped maintenance HTML, generated bypass token and private custom-page writer; 204 grouped route/policy/domain tests. Failed OLS applies return errors; DB retains desired settings (not a claim of transactional rollback)."
route,GET /api/v1/accounts/{username}/domains/{domain}/ip-block,api/routers/ipblock.py,list_ip_blocks,get_identity,reviewed-tested,"Source: account/domain binding, row scopes, redirect/status/CIDR/allowlist validation, OLS rule interpolation, escaped maintenance HTML, generated bypass token and private custom-page writer; 204 grouped route/policy/domain tests. Failed OLS applies return errors; DB retains desired settings (not a claim of transactional rollback)."
route,GET /api/v1/accounts/{username}/domains/{domain}/lscache,api/routers/lscache_router.py,get_lscache,get_identity,reviewed-fixed,BSA-2026-071; authenticated account/domain access; cache-waf-review.log
route,GET /api/v1/accounts/{username}/domains/{domain}/lscache/stats,api/routers/lscache_router.py,get_lscache_stats,get_identity,reviewed-fixed,BSA-2026-071; authenticated account/domain access; cache-waf-review.log
route,GET /api/v1/accounts/{username}/domains/{domain}/maintenance,api/routers/maintenance.py,get_maintenance,get_identity,reviewed-tested,"Source: account/domain binding, row scopes, redirect/status/CIDR/allowlist validation, OLS rule interpolation, escaped maintenance HTML, generated bypass token and private custom-page writer; 204 grouped route/policy/domain tests. Failed OLS applies return errors; DB retains desired settings (not a claim of transactional rollback)."
route,GET /api/v1/accounts/{username}/domains/{domain}/nameservers,api/routers/nameservers.py,list_nameservers,get_identity,reviewed-tested,SECURITY-AUDIT-REVIEW-2026-09-24.md; final-auth-boundaries.log (76 passed); notification-mfa-review.log (273 passed); lifecycle-dns-review-tests.log (140 passed); explicit role/owner checks reviewed.
route,GET /api/v1/accounts/{username}/domains/{domain}/redirects,api/routers/redirects.py,list_redirects,get_identity,reviewed-tested,"Source: account/domain binding, row scopes, redirect/status/CIDR/allowlist validation, OLS rule interpolation, escaped maintenance HTML, generated bypass token and private custom-page writer; 204 grouped route/policy/domain tests. Failed OLS applies return errors; DB retains desired settings (not a claim of transactional rollback)."
route,GET /api/v1/accounts/{username}/domains/{domain}/staging,api/routers/staging.py,get_staging,get_identity,reviewed-fixed,f5618e3; account/domain access; staging-boundary-tests.log and VM tenant copy canaries
route,GET /api/v1/accounts/{username}/domains/{domain}/stats,api/routers/sitestats.py,get_stats,get_identity,reviewed-fixed,"Source review plus 41 SSL tests, 8 final real-VM ACME hook tests, actual hosted/webmail HTTP challenge success/cleanup, locked idempotent renewal migration on both servers; 47 VM reporting tests, 24 focused parser/ownership cases, 25 HTTP/root scope cases. See SECURITY-AUDIT-REVIEW-2026-09-24.md for resource budgets and limitations."
route,GET /api/v1/accounts/{username}/domains/{domain}/wildcard,api/routers/wildcard.py,get_wildcard,get_identity,reviewed-tested,SECURITY-AUDIT-REVIEW-2026-09-24.md; final-auth-boundaries.log (76 passed); notification-mfa-review.log (273 passed); lifecycle-dns-review-tests.log (140 passed); explicit role/owner checks reviewed.
route,GET /api/v1/accounts/{username}/domains/{domain}/wordpress/actions/runs,api/routers/wordpress.py,list_wpcli_action_runs,get_identity,pending,
route,GET /api/v1/accounts/{username}/domains/{domain}/wordpress/actions/runs/{job_id},api/routers/wordpress.py,get_wpcli_action_run,get_identity,pending,
route,GET /api/v1/accounts/{username}/domains/{domain}/wordpress/installs,api/routers/wordpress.py,list_domain_installs,get_identity,pending,
route,GET /api/v1/accounts/{username}/domains/{domain}/wordpress/jobs/{job_id},api/routers/wordpress.py,get_job,get_identity,pending,
route,GET /api/v1/accounts/{username}/email/delivery-log,api/routers/email_extras.py,delivery_log,get_identity,pending,
route,GET /api/v1/accounts/{username}/email/imap-migrate,api/routers/imapsync.py,list_migrations,get_identity,reviewed-fixed,Account/mailbox ownership and root policies reviewed; imap-branding-review.log; remote folder limit regression
route,GET /api/v1/accounts/{username}/email/imap-migrate/{job_id},api/routers/imapsync.py,get_migration_status,get_identity,reviewed-fixed,Account/mailbox ownership and root policies reviewed; imap-branding-review.log; remote folder limit regression
route,GET /api/v1/accounts/{username}/email/{mailbox}/spam-filters,api/routers/spamfilter.py,list_entries,get_identity,reviewed-fixed,spamfilter entry rollback hardening: 93 spamfilter/mail/RPC-authority tests; VM canary forced global Sieve refresh failures on add/delete/import/mailbox cleanup and verified DB rows rolled back or restored; primary spamfilter.py hash deployed
route,GET /api/v1/accounts/{username}/file-auth,api/routers/fileauth.py,list_protected_dirs,get_identity,reviewed-fixed,"fileauth symlink-safe htpasswd hardening: 31 fileauth/RPC-authority tests; VM canary enabled temp docroot dir, added/listed/deleted bcrypt user, rejected swapped .htpasswd symlink without touching canary, disabled row and cleaned temp dir; primary hash deployed"
route,GET /api/v1/accounts/{username}/file-auth/users,api/routers/fileauth.py,list_users,get_identity,reviewed-fixed,"fileauth symlink-safe htpasswd hardening: 31 fileauth/RPC-authority tests; VM canary enabled temp docroot dir, added/listed/deleted bcrypt user, rejected swapped .htpasswd symlink without touching canary, disabled row and cleaned temp dir; primary hash deployed"
route,GET /api/v1/accounts/{username}/files/launch,api/routers/filebrowser.py,launch,get_identity,reviewed-fixed,BSA-2026-030/BSA-2026-036; 46547ff/112ed30/b8ec15d; 92+43 focused tests; VM own/cross-account/write and hostile-backend canaries; Chromium HTML/SVG isolation; primary smoke
route,GET /api/v1/accounts/{username}/ftp,api/routers/ftp.py,list_ftp_accounts,get_identity,reviewed-fixed,"database/FTP lifecycle hardening: 47 database/FTP/RPC-authority tests; VM canary forced post-create bookkeeping failures and external delete failures, proving created DB/FTP objects are cleaned up or rows retained for retry; primary hashes deployed"
route,GET /api/v1/accounts/{username}/git,api/routers/git.py,list_repos,get_identity,reviewed-fixed,BSA-2026-047; source filesystem/role review; tests/test_feature_scope_review.py and test_gitrepo.py; VM Git canary; 9aa8d30
route,GET /api/v1/accounts/{username}/git/{name}/push-log,api/routers/git.py,get_push_log,get_identity,reviewed-fixed,BSA-2026-047; source filesystem/role review; tests/test_feature_scope_review.py and test_gitrepo.py; VM Git canary; 9aa8d30
route,GET /api/v1/accounts/{username}/logs/{type},api/routers/logs_router.py,get_log,get_identity,reviewed-fixed,"30cc845; source domain ownership and log-type restrictions; 29 log tests incl post-resolution parent/leaf swaps, FIFO and bounded tail; VM 34 focused passes; primary actual PHP log RPC passed."
route,GET /api/v1/accounts/{username}/malware/findings,api/routers/malware.py,findings,get_identity,reviewed-tested,SECURITY-AUDIT-REVIEW-2026-09-24.md; scanner-cloudflare-review.log (119 passed); php-extension-path-security.log (25 passed); old PHP path escape reproduced in isolated fixture. Root ownership policies and role checks reviewed; final release gate separate.
route,GET /api/v1/accounts/{username}/malware/scans,api/routers/malware.py,scans,get_identity,reviewed-tested,SECURITY-AUDIT-REVIEW-2026-09-24.md; scanner-cloudflare-review.log (119 passed); php-extension-path-security.log (25 passed); old PHP path escape reproduced in isolated fixture. Root ownership policies and role checks reviewed; final release gate separate.
route,GET /api/v1/accounts/{username}/malware/scans/{scan_id},api/routers/malware.py,scan,get_identity,reviewed-tested,SECURITY-AUDIT-REVIEW-2026-09-24.md; scanner-cloudflare-review.log (119 passed); php-extension-path-security.log (25 passed); old PHP path escape reproduced in isolated fixture. Root ownership policies and role checks reviewed; final release gate separate.
route,GET /api/v1/accounts/{username}/namespace,api/routers/accounts.py,get_namespace_status,get_identity,reviewed-tested,"Reviewed admin/account access, scoped listings and root dispatch; account quota/lifecycle and root-authority regressions recorded"
route,GET /api/v1/accounts/{username}/notification-prefs,api/routers/notifications.py,get_prefs,get_identity,reviewed-tested,SECURITY-AUDIT-REVIEW-2026-09-24.md; final-auth-boundaries.log (76 passed); notification-mfa-review.log (273 passed); lifecycle-dns-review-tests.log (140 passed); explicit role/owner checks reviewed.
route,GET /api/v1/accounts/{username}/onboarding,api/routers/onboarding.py,get_onboarding,get_identity,reviewed-tested,Source account/query/output review; tests/test_feature_scope_review.py and test_onboarding.py; owner success; peer and anonymous denial
route,GET /api/v1/accounts/{username}/parked-domains,api/routers/parked.py,list_parked,get_identity,reviewed-tested,SECURITY-AUDIT-REVIEW-2026-09-24.md; final-auth-boundaries.log (76 passed); notification-mfa-review.log (273 passed); lifecycle-dns-review-tests.log (140 passed); explicit role/owner checks reviewed.
route,GET /api/v1/accounts/{username}/php-extensions,api/routers/php_ini.py,list_php_extensions,get_identity,reviewed-tested,SECURITY-AUDIT-REVIEW-2026-09-24.md; scanner-cloudflare-review.log (119 passed); php-extension-path-security.log (25 passed); old PHP path escape reproduced in isolated fixture. Root ownership policies and role checks reviewed; final release gate separate.
route,GET /api/v1/accounts/{username}/php-ini,api/routers/php_ini.py,get_php_ini,get_identity,reviewed-tested,SECURITY-AUDIT-REVIEW-2026-09-24.md; scanner-cloudflare-review.log (119 passed); php-extension-path-security.log (25 passed); old PHP path escape reproduced in isolated fixture. Root ownership policies and role checks reviewed; final release gate separate.
route,GET /api/v1/accounts/{username}/processes,api/routers/processes.py,list_processes,get_identity,pending,
route,GET /api/v1/accounts/{username}/redis,api/routers/redis_router.py,get_redis_status,get_identity,reviewed-fixed,"Source: account/app ID binding, command UID, validators, root-owned unit/env, BEGIN IMMEDIATE shared port allocation, encrypted environment and teardown; bbe5cbe/3a309e9; 66 application plus 40 command tests; 204 grouped route/policy/domain tests; real Redis socket UID canary. Generated-unit log canary recorded under BSA-2026-048."
route,GET /api/v1/accounts/{username}/redis/connection-info,api/routers/redis_router.py,get_redis_connection_info,get_identity,reviewed-fixed,"Source: account/app ID binding, command UID, validators, root-owned unit/env, BEGIN IMMEDIATE shared port allocation, encrypted environment and teardown; bbe5cbe/3a309e9; 66 application plus 40 command tests; 204 grouped route/policy/domain tests; real Redis socket UID canary. Generated-unit log canary recorded under BSA-2026-048."
route,GET /api/v1/accounts/{username}/ssh-keys,api/routers/sshkeys.py,list_keys,get_identity,reviewed-tested,All routes require customer self access; validated public keys; shared-I/O/SSH 70-case regression
route,GET /api/v1/accounts/{username}/ssl,api/routers/ssl_router.py,ssl_dashboard,get_identity,reviewed-fixed,"Source review plus 41 SSL tests, 8 final real-VM ACME hook tests, actual hosted/webmail HTTP challenge success/cleanup, locked idempotent renewal migration on both servers; 47 VM reporting tests, 24 focused parser/ownership cases, 25 HTTP/root scope cases. See SECURITY-AUDIT-REVIEW-2026-09-24.md for resource budgets and limitations."
route,GET /api/v1/accounts/{username}/terminal/sessions,api/routers/terminal.py,terminal_sessions,get_identity,reviewed-fixed,"terminal local-only key hardening: 44 focused terminal/RPC-authority tests; VM real sshd canary proved localhost generated-key login, public-host key rejection by sshd from= restriction, close removed key; primary hashes deployed"
route,GET /api/v1/accounts/{username}/usage,api/routers/usage.py,get_usage,get_identity,reviewed-fixed,"Source review plus 41 SSL tests, 8 final real-VM ACME hook tests, actual hosted/webmail HTTP challenge success/cleanup, locked idempotent renewal migration on both servers; 47 VM reporting tests, 24 focused parser/ownership cases, 25 HTTP/root scope cases. See SECURITY-AUDIT-REVIEW-2026-09-24.md for resource budgets and limitations."
route,GET /api/v1/accounts/{username}/usage-limits,api/routers/usage_alerts.py,get_limits,get_identity,reviewed-tested,SECURITY-AUDIT-REVIEW-2026-09-24.md; lifecycle-dns-review-tests.log (140 passed); outbound-security-tests.log (227 passed); root RPC role/ownership matrix. Deployment acceptance separate.
route,GET /api/v1/accounts/{username}/wordpress/detect,api/routers/devtools.py,detect,get_identity,reviewed-tested,wordpress-tools-review.log:57 passed; account-scoped command jobs and tenant execution
route,GET /api/v1/accounts/{username}/wordpress/wpcli/runs,api/routers/devtools.py,list_wpcli_runs,get_identity,reviewed-tested,wordpress-tools-review.log:57 passed; account-scoped command jobs and tenant execution
route,GET /api/v1/accounts/{username}/wordpress/wpcli/runs/{job_id},api/routers/devtools.py,get_wpcli_run,get_identity,reviewed-tested,wordpress-tools-review.log:57 passed; account-scoped command jobs and tenant execution
route,GET /api/v1/admin/account-archives/{job_id}/download,api/routers/portable_archive.py,download_archive,get_identity,reviewed-fixed,BSA-2026-077/078: cPanel and portable import source review; import-boundary-tests.log 66 passed; import-link-cycle-test.log; VM import-path acceptance canaries.
route,GET /api/v1/admin/accounts/bulk-action/{job_id},api/routers/bulkops.py,bulk_action_status,get_identity,reviewed-tested,Global administrator policy; fixed actions and per-account handlers; remaining-admin-mail-review.log
route,GET /api/v1/admin/accounts/{username}/notes,api/routers/notes.py,list_notes,get_identity,reviewed-fixed,Source role/query/output review; author stamped by verified root principal; tests/test_feature_scope_review.py; test_notes.py; test_rpc_dispatch_security.py
route,GET /api/v1/admin/accounts/{username}/php-functions,api/routers/php_functions.py,get_overrides,get_identity,reviewed-tested,SECURITY-AUDIT-REVIEW-2026-09-24.md; scanner-cloudflare-review.log (119 passed); php-extension-path-security.log (25 passed); old PHP path escape reproduced in isolated fixture. Root ownership policies and role checks reviewed; final release gate separate.
route,GET /api/v1/admin/bandwidth/ranking,api/routers/bandwidth.py,get_bandwidth_ranking,get_identity,reviewed-fixed,"Source review plus 41 SSL tests, 8 final real-VM ACME hook tests, actual hosted/webmail HTTP challenge success/cleanup, locked idempotent renewal migration on both servers; 47 VM reporting tests, 24 focused parser/ownership cases, 25 HTTP/root scope cases. See SECURITY-AUDIT-REVIEW-2026-09-24.md for resource budgets and limitations."
route,GET /api/v1/admin/branding,api/routers/branding.py,get_admin_branding,get_identity,reviewed-fixed,SVG vocabulary and CSP reviewed; 45 branding cases in imap-branding-review.log plus bounded upload test
route,GET /api/v1/admin/db/monitor,api/routers/dbmonitor.py,get_monitor,get_identity,reviewed-tested,"Manual router-to-handler review: admin-only root policy, fixed command/service allowlists, validated identifiers/CIDRs/settings, bound SQL, scoped IP ownership, root-controlled configuration/credential files, OLS no-store reveal, sandboxed template preview. 247 route/service/whitelist, 81 network, 23 dispatch/reconcile, 77 lifecycle/package, 57 mailqueue/template/IP/OLS, 36 monitor/audit tests; 251 audit-export/role tests. See SECURITY-AUDIT-REVIEW-2026-09-24.md for deployment and limitations."
route,GET /api/v1/admin/imap-migrations,api/routers/imapsync.py,list_active_migrations,get_identity,reviewed-fixed,Account/mailbox ownership and root policies reviewed; imap-branding-review.log; remote folder limit regression
route,GET /api/v1/admin/import/accounts,api/routers/cpanel_import.py,list_account_imports,get_identity,reviewed-fixed,BSA-2026-077/078: cPanel and portable import source review; import-boundary-tests.log 66 passed; import-link-cycle-test.log; VM import-path acceptance canaries.
route,GET /api/v1/admin/import/accounts/{job_id},api/routers/cpanel_import.py,get_account_import,get_identity,reviewed-fixed,BSA-2026-077/078: cPanel and portable import source review; import-boundary-tests.log 66 passed; import-link-cycle-test.log; VM import-path acceptance canaries.
route,GET /api/v1/admin/import/boron,api/routers/portable_archive.py,list_imports,get_identity,reviewed-fixed,BSA-2026-077/078: cPanel and portable import source review; import-boundary-tests.log 66 passed; import-link-cycle-test.log; VM import-path acceptance canaries.
route,GET /api/v1/admin/import/boron/{job_id},api/routers/portable_archive.py,get_import,get_identity,reviewed-fixed,BSA-2026-077/078: cPanel and portable import source review; import-boundary-tests.log 66 passed; import-link-cycle-test.log; VM import-path acceptance canaries.
route,GET /api/v1/admin/import/cpanel,api/routers/cpanel_import.py,list_import_jobs,get_identity,reviewed-fixed,BSA-2026-077/078: cPanel and portable import source review; import-boundary-tests.log 66 passed; import-link-cycle-test.log; VM import-path acceptance canaries.
route,GET /api/v1/admin/import/cpanel/{job_id},api/routers/cpanel_import.py,get_import_job,get_identity,reviewed-fixed,BSA-2026-077/078: cPanel and portable import source review; import-boundary-tests.log 66 passed; import-link-cycle-test.log; VM import-path acceptance canaries.
route,GET /api/v1/admin/ip-bans,api/routers/ipban.py,list_bans,get_identity,reviewed-fixed,"Manual router-to-handler review: admin-only root policy, fixed command/service allowlists, validated identifiers/CIDRs/settings, bound SQL, scoped IP ownership, root-controlled configuration/credential files, OLS no-store reveal, sandboxed template preview. 247 route/service/whitelist, 81 network, 23 dispatch/reconcile, 77 lifecycle/package, 57 mailqueue/template/IP/OLS, 36 monitor/audit tests; 251 audit-export/role tests. See SECURITY-AUDIT-REVIEW-2026-09-24.md for deployment and limitations."
route,GET /api/v1/admin/ip-management,api/routers/ipmanager.py,get_state,get_identity,reviewed-tested,"Manual router-to-handler review: admin-only root policy, fixed command/service allowlists, validated identifiers/CIDRs/settings, bound SQL, scoped IP ownership, root-controlled configuration/credential files, OLS no-store reveal, sandboxed template preview. 247 route/service/whitelist, 81 network, 23 dispatch/reconcile, 77 lifecycle/package, 57 mailqueue/template/IP/OLS, 36 monitor/audit tests; 251 audit-export/role tests. See SECURITY-AUDIT-REVIEW-2026-09-24.md for deployment and limitations."
route,GET /api/v1/admin/logs/errors,api/routers/adminlogs.py,get_error_log,get_identity,reviewed-tested,"Manual router-to-handler review: admin-only root policy, fixed command/service allowlists, validated identifiers/CIDRs/settings, bound SQL, scoped IP ownership, root-controlled configuration/credential files, OLS no-store reveal, sandboxed template preview. 247 route/service/whitelist, 81 network, 23 dispatch/reconcile, 77 lifecycle/package, 57 mailqueue/template/IP/OLS, 36 monitor/audit tests; 251 audit-export/role tests. See SECURITY-AUDIT-REVIEW-2026-09-24.md for deployment and limitations."
route,GET /api/v1/admin/maintenance,api/routers/maintenance.py,list_active_maintenance,get_identity,reviewed-tested,"Source: account/domain binding, row scopes, redirect/status/CIDR/allowlist validation, OLS rule interpolation, escaped maintenance HTML, generated bypass token and private custom-page writer; 204 grouped route/policy/domain tests. Failed OLS applies return errors; DB retains desired settings (not a claim of transactional rollback)."
route,GET /api/v1/admin/malware/findings,api/routers/malware.py,all_findings,get_identity,reviewed-tested,SECURITY-AUDIT-REVIEW-2026-09-24.md; scanner-cloudflare-review.log (119 passed); php-extension-path-security.log (25 passed); old PHP path escape reproduced in isolated fixture. Root ownership policies and role checks reviewed; final release gate separate.
route,GET /api/v1/admin/malware/scans,api/routers/malware.py,all_scans,get_identity,reviewed-tested,SECURITY-AUDIT-REVIEW-2026-09-24.md; scanner-cloudflare-review.log (119 passed); php-extension-path-security.log (25 passed); old PHP path escape reproduced in isolated fixture. Root ownership policies and role checks reviewed; final release gate separate.
route,GET /api/v1/admin/malware/status,api/routers/malware.py,scanner_status,get_identity,reviewed-tested,SECURITY-AUDIT-REVIEW-2026-09-24.md; scanner-cloudflare-review.log (119 passed); php-extension-path-security.log (25 passed); old PHP path escape reproduced in isolated fixture. Root ownership policies and role checks reviewed; final release gate separate.
route,GET /api/v1/admin/monitoring/history,api/routers/monitoring.py,get_history,get_identity,reviewed-tested,SECURITY-AUDIT-REVIEW-2026-09-24.md; lifecycle-dns-review-tests.log (140 passed); outbound-security-tests.log (227 passed); root RPC role/ownership matrix. Deployment acceptance separate.
route,GET /api/v1/admin/monitoring/settings,api/routers/monitoring.py,get_settings,get_identity,reviewed-tested,SECURITY-AUDIT-REVIEW-2026-09-24.md; lifecycle-dns-review-tests.log (140 passed); outbound-security-tests.log (227 passed); root RPC role/ownership matrix. Deployment acceptance separate.
route,GET /api/v1/admin/notifications/settings,api/routers/notifications.py,get_settings,get_identity,reviewed-tested,SECURITY-AUDIT-REVIEW-2026-09-24.md; final-auth-boundaries.log (76 passed); notification-mfa-review.log (273 passed); lifecycle-dns-review-tests.log (140 passed); explicit role/owner checks reviewed.
route,GET /api/v1/admin/openlitespeed,api/routers/olsadmin.py,status,get_identity,reviewed-tested,"Manual router-to-handler review: admin-only root policy, fixed command/service allowlists, validated identifiers/CIDRs/settings, bound SQL, scoped IP ownership, root-controlled configuration/credential files, OLS no-store reveal, sandboxed template preview. 247 route/service/whitelist, 81 network, 23 dispatch/reconcile, 77 lifecycle/package, 57 mailqueue/template/IP/OLS, 36 monitor/audit tests; 251 audit-export/role tests. See SECURITY-AUDIT-REVIEW-2026-09-24.md for deployment and limitations."
route,GET /api/v1/admin/panel-config,api/routers/panel_config.py,status,get_identity,reviewed-tested,"Admin-only port changes, typed bounds and explicit confirmation; remaining-admin-mail-review.log:51 passed"
route,GET /api/v1/admin/plans,api/routers/plans.py,list_plans,get_identity,reviewed-fixed,"Manual router-to-handler review: admin-only root policy, fixed command/service allowlists, validated identifiers/CIDRs/settings, bound SQL, scoped IP ownership, root-controlled configuration/credential files, OLS no-store reveal, sandboxed template preview. 247 route/service/whitelist, 81 network, 23 dispatch/reconcile, 77 lifecycle/package, 57 mailqueue/template/IP/OLS, 36 monitor/audit tests; 251 audit-export/role tests. See SECURITY-AUDIT-REVIEW-2026-09-24.md for deployment and limitations."
route,GET /api/v1/admin/plans/{plan_id},api/routers/plans.py,get_plan,get_identity,reviewed-fixed,"Manual router-to-handler review: admin-only root policy, fixed command/service allowlists, validated identifiers/CIDRs/settings, bound SQL, scoped IP ownership, root-controlled configuration/credential files, OLS no-store reveal, sandboxed template preview. 247 route/service/whitelist, 81 network, 23 dispatch/reconcile, 77 lifecycle/package, 57 mailqueue/template/IP/OLS, 36 monitor/audit tests; 251 audit-export/role tests. See SECURITY-AUDIT-REVIEW-2026-09-24.md for deployment and limitations."
route,GET /api/v1/admin/resellers,api/routers/resellers.py,list_resellers,get_identity,reviewed-tested,SECURITY-AUDIT-REVIEW-2026-09-24.md; lifecycle-dns-review-tests.log (140 passed); outbound-security-tests.log (227 passed); root RPC role/ownership matrix. Deployment acceptance separate.
route,GET /api/v1/admin/resellers/plans,api/routers/resellers.py,plans,get_identity,reviewed-tested,SECURITY-AUDIT-REVIEW-2026-09-24.md; lifecycle-dns-review-tests.log (140 passed); outbound-security-tests.log (227 passed); root RPC role/ownership matrix. Deployment acceptance separate.
route,GET /api/v1/admin/sitestats/summary,api/routers/sitestats.py,get_admin_summary,get_identity,reviewed-fixed,"Source review plus 41 SSL tests, 8 final real-VM ACME hook tests, actual hosted/webmail HTTP challenge success/cleanup, locked idempotent renewal migration on both servers; 47 VM reporting tests, 24 focused parser/ownership cases, 25 HTTP/root scope cases. See SECURITY-AUDIT-REVIEW-2026-09-24.md for resource budgets and limitations."
route,GET /api/v1/admin/ssl,api/routers/ssl_router.py,admin_ssl_dashboard,get_identity,reviewed-fixed,"Source review plus 41 SSL tests, 8 final real-VM ACME hook tests, actual hosted/webmail HTTP challenge success/cleanup, locked idempotent renewal migration on both servers; 47 VM reporting tests, 24 focused parser/ownership cases, 25 HTTP/root scope cases. See SECURITY-AUDIT-REVIEW-2026-09-24.md for resource budgets and limitations."
route,GET /api/v1/admin/templates/suspended-page,api/routers/site_templates.py,get_suspended_page,get_identity,reviewed-tested,"Manual router-to-handler review: admin-only root policy, fixed command/service allowlists, validated identifiers/CIDRs/settings, bound SQL, scoped IP ownership, root-controlled configuration/credential files, OLS no-store reveal, sandboxed template preview. 247 route/service/whitelist, 81 network, 23 dispatch/reconcile, 77 lifecycle/package, 57 mailqueue/template/IP/OLS, 36 monitor/audit tests; 251 audit-export/role tests. See SECURITY-AUDIT-REVIEW-2026-09-24.md for deployment and limitations."
route,GET /api/v1/admin/templates/suspension-designs,api/routers/site_templates.py,get_suspension_designs,get_identity,reviewed-tested,"Manual router-to-handler review: admin-only root policy, fixed command/service allowlists, validated identifiers/CIDRs/settings, bound SQL, scoped IP ownership, root-controlled configuration/credential files, OLS no-store reveal, sandboxed template preview. 247 route/service/whitelist, 81 network, 23 dispatch/reconcile, 77 lifecycle/package, 57 mailqueue/template/IP/OLS, 36 monitor/audit tests; 251 audit-export/role tests. See SECURITY-AUDIT-REVIEW-2026-09-24.md for deployment and limitations."
route,GET /api/v1/admin/templates/welcome-email,api/routers/site_templates.py,get_welcome_email,get_identity,reviewed-tested,"Manual router-to-handler review: admin-only root policy, fixed command/service allowlists, validated identifiers/CIDRs/settings, bound SQL, scoped IP ownership, root-controlled configuration/credential files, OLS no-store reveal, sandboxed template preview. 247 route/service/whitelist, 81 network, 23 dispatch/reconcile, 77 lifecycle/package, 57 mailqueue/template/IP/OLS, 36 monitor/audit tests; 251 audit-export/role tests. See SECURITY-AUDIT-REVIEW-2026-09-24.md for deployment and limitations."
route,GET /api/v1/admin/update/history,api/routers/update.py,update_history,get_identity,reviewed-fixed,"update/release gate: 16 API/version/signature, 89 update/finalizer, 11 release tests; VM signed 1.5.1 update job and rollback job completed; post-rollback admin login smoke"
route,GET /api/v1/admin/update/log,api/routers/update.py,update_log,get_identity,reviewed-fixed,"update/release gate: 16 API/version/signature, 89 update/finalizer, 11 release tests; VM signed 1.5.1 update job and rollback job completed; post-rollback admin login smoke"
route,GET /api/v1/admin/update/status,api/routers/update.py,update_status,get_identity,reviewed-fixed,"update/release gate: 16 API/version/signature, 89 update/finalizer, 11 release tests; VM signed 1.5.1 update job and rollback job completed; post-rollback admin login smoke"
route,GET /api/v1/admin/webhooks,api/routers/webhooks.py,list_webhooks,get_identity,reviewed-tested,SECURITY-AUDIT-REVIEW-2026-09-24.md; lifecycle-dns-review-tests.log (140 passed); outbound-security-tests.log (227 passed); root RPC role/ownership matrix. Deployment acceptance separate.
route,GET /api/v1/admin/webhooks/{webhook_id},api/routers/webhooks.py,get_webhook,get_identity,reviewed-tested,SECURITY-AUDIT-REVIEW-2026-09-24.md; lifecycle-dns-review-tests.log (140 passed); outbound-security-tests.log (227 passed); root RPC role/ownership matrix. Deployment acceptance separate.
route,GET /api/v1/admin/webhooks/{webhook_id}/deliveries,api/routers/webhooks.py,list_deliveries,get_identity,reviewed-tested,SECURITY-AUDIT-REVIEW-2026-09-24.md; lifecycle-dns-review-tests.log (140 passed); outbound-security-tests.log (227 passed); root RPC role/ownership matrix. Deployment acceptance separate.
route,GET /api/v1/audit-log,api/routers/auditlog.py,list_audit_log,get_identity,reviewed-fixed,"Manual router-to-handler review: admin-only root policy, fixed command/service allowlists, validated identifiers/CIDRs/settings, bound SQL, scoped IP ownership, root-controlled configuration/credential files, OLS no-store reveal, sandboxed template preview. 247 route/service/whitelist, 81 network, 23 dispatch/reconcile, 77 lifecycle/package, 57 mailqueue/template/IP/OLS, 36 monitor/audit tests; 251 audit-export/role tests. See SECURITY-AUDIT-REVIEW-2026-09-24.md for deployment and limitations."
route,GET /api/v1/audit-log/account-events,api/routers/auditlog.py,list_account_events,get_identity,reviewed-fixed,"Manual router-to-handler review: admin-only root policy, fixed command/service allowlists, validated identifiers/CIDRs/settings, bound SQL, scoped IP ownership, root-controlled configuration/credential files, OLS no-store reveal, sandboxed template preview. 247 route/service/whitelist, 81 network, 23 dispatch/reconcile, 77 lifecycle/package, 57 mailqueue/template/IP/OLS, 36 monitor/audit tests; 251 audit-export/role tests. See SECURITY-AUDIT-REVIEW-2026-09-24.md for deployment and limitations."
route,GET /api/v1/audit-log/account-events/export.csv,api/routers/auditlog.py,export_account_events_csv,get_identity,reviewed-fixed,"Manual router-to-handler review: admin-only root policy, fixed command/service allowlists, validated identifiers/CIDRs/settings, bound SQL, scoped IP ownership, root-controlled configuration/credential files, OLS no-store reveal, sandboxed template preview. 247 route/service/whitelist, 81 network, 23 dispatch/reconcile, 77 lifecycle/package, 57 mailqueue/template/IP/OLS, 36 monitor/audit tests; 251 audit-export/role tests. See SECURITY-AUDIT-REVIEW-2026-09-24.md for deployment and limitations."
route,GET /api/v1/audit-log/export.csv,api/routers/auditlog.py,export_csv,get_identity,reviewed-fixed,"Manual router-to-handler review: admin-only root policy, fixed command/service allowlists, validated identifiers/CIDRs/settings, bound SQL, scoped IP ownership, root-controlled configuration/credential files, OLS no-store reveal, sandboxed template preview. 247 route/service/whitelist, 81 network, 23 dispatch/reconcile, 77 lifecycle/package, 57 mailqueue/template/IP/OLS, 36 monitor/audit tests; 251 audit-export/role tests. See SECURITY-AUDIT-REVIEW-2026-09-24.md for deployment and limitations."
route,GET /api/v1/backups/destinations,api/routers/backups.py,list_destinations,get_identity,pending,
route,GET /api/v1/backups/jobs,api/routers/backups.py,list_all_jobs,get_identity,pending,
route,GET /api/v1/backups/schedules,api/routers/backups.py,list_schedules,get_identity,pending,
route,GET /api/v1/backups/snapshots/destinations,api/routers/backups.py,snapshot_destinations,get_identity,pending,
route,GET /api/v1/backups/snapshots/policies,api/routers/backups.py,snapshot_policies,get_identity,pending,
route,GET /api/v1/backups/snapshots/runs,api/routers/backups.py,snapshot_runs,get_identity,pending,
route,GET /api/v1/branding,api/routers/branding.py,get_branding,,reviewed-public,tests/test_public_route_inventory.py
route,GET /api/v1/branding/favicon,api/routers/branding.py,get_favicon,,reviewed-public,tests/test_public_route_inventory.py
route,GET /api/v1/branding/logo,api/routers/branding.py,get_logo,,reviewed-public,tests/test_public_route_inventory.py
route,GET /api/v1/cloudflare/accounts,api/routers/cloudflare.py,list_accounts,get_identity,reviewed-tested,SECURITY-AUDIT-REVIEW-2026-09-24.md; scanner-cloudflare-review.log (119 passed); php-extension-path-security.log (25 passed); old PHP path escape reproduced in isolated fixture. Root ownership policies and role checks reviewed; final release gate separate.
route,GET /api/v1/cloudflare/health,api/routers/cloudflare.py,cloudflare_health,get_identity,reviewed-tested,SECURITY-AUDIT-REVIEW-2026-09-24.md; scanner-cloudflare-review.log (119 passed); php-extension-path-security.log (25 passed); old PHP path escape reproduced in isolated fixture. Root ownership policies and role checks reviewed; final release gate separate.
route,GET /api/v1/cloudflare/rails,api/routers/cloudflare.py,rails_status,get_identity,reviewed-tested,SECURITY-AUDIT-REVIEW-2026-09-24.md; scanner-cloudflare-review.log (119 passed); php-extension-path-security.log (25 passed); old PHP path escape reproduced in isolated fixture. Root ownership policies and role checks reviewed; final release gate separate.
route,GET /api/v1/cloudflare/settings,api/routers/cloudflare.py,get_settings,get_identity,reviewed-tested,SECURITY-AUDIT-REVIEW-2026-09-24.md; scanner-cloudflare-review.log (119 passed); php-extension-path-security.log (25 passed); old PHP path escape reproduced in isolated fixture. Root ownership policies and role checks reviewed; final release gate separate.
route,GET /api/v1/cloudflare/zones,api/routers/cloudflare.py,zones_overview,get_identity,reviewed-tested,SECURITY-AUDIT-REVIEW-2026-09-24.md; scanner-cloudflare-review.log (119 passed); php-extension-path-security.log (25 passed); old PHP path escape reproduced in isolated fixture. Root ownership policies and role checks reviewed; final release gate separate.
route,GET /api/v1/dns/zones/{domain}/cloudflare/status,api/routers/cloudflare.py,zone_status,get_identity,reviewed-tested,SECURITY-AUDIT-REVIEW-2026-09-24.md; scanner-cloudflare-review.log (119 passed); php-extension-path-security.log (25 passed); old PHP path escape reproduced in isolated fixture. Root ownership policies and role checks reviewed; final release gate separate.
route,GET /api/v1/dns/zones/{domain}/records,api/routers/dns.py,list_records,get_identity,pending,
route,GET /api/v1/fail2ban,api/routers/fail2ban.py,list_jails,get_identity,reviewed-fixed,"Manual router-to-handler review: admin-only root policy, fixed command/service allowlists, validated identifiers/CIDRs/settings, bound SQL, scoped IP ownership, root-controlled configuration/credential files, OLS no-store reveal, sandboxed template preview. 247 route/service/whitelist, 81 network, 23 dispatch/reconcile, 77 lifecycle/package, 57 mailqueue/template/IP/OLS, 36 monitor/audit tests; 251 audit-export/role tests. See SECURITY-AUDIT-REVIEW-2026-09-24.md for deployment and limitations."
route,GET /api/v1/fail2ban/events,api/routers/fail2ban.py,recent_events,get_identity,reviewed-fixed,"Manual router-to-handler review: admin-only root policy, fixed command/service allowlists, validated identifiers/CIDRs/settings, bound SQL, scoped IP ownership, root-controlled configuration/credential files, OLS no-store reveal, sandboxed template preview. 247 route/service/whitelist, 81 network, 23 dispatch/reconcile, 77 lifecycle/package, 57 mailqueue/template/IP/OLS, 36 monitor/audit tests; 251 audit-export/role tests. See SECURITY-AUDIT-REVIEW-2026-09-24.md for deployment and limitations."
route,GET /api/v1/fail2ban/{jail},api/routers/fail2ban.py,get_jail,get_identity,reviewed-fixed,"Manual router-to-handler review: admin-only root policy, fixed command/service allowlists, validated identifiers/CIDRs/settings, bound SQL, scoped IP ownership, root-controlled configuration/credential files, OLS no-store reveal, sandboxed template preview. 247 route/service/whitelist, 81 network, 23 dispatch/reconcile, 77 lifecycle/package, 57 mailqueue/template/IP/OLS, 36 monitor/audit tests; 251 audit-export/role tests. See SECURITY-AUDIT-REVIEW-2026-09-24.md for deployment and limitations."
route,GET /api/v1/firewall/bypass,api/routers/firewall.py,list_bypass,get_identity,reviewed-fixed,"Manual router-to-handler review: admin-only root policy, fixed command/service allowlists, validated identifiers/CIDRs/settings, bound SQL, scoped IP ownership, root-controlled configuration/credential files, OLS no-store reveal, sandboxed template preview. 247 route/service/whitelist, 81 network, 23 dispatch/reconcile, 77 lifecycle/package, 57 mailqueue/template/IP/OLS, 36 monitor/audit tests; 251 audit-export/role tests. See SECURITY-AUDIT-REVIEW-2026-09-24.md for deployment and limitations."
route,GET /api/v1/firewall/rules,api/routers/firewall.py,list_rules,get_identity,reviewed-fixed,"Manual router-to-handler review: admin-only root policy, fixed command/service allowlists, validated identifiers/CIDRs/settings, bound SQL, scoped IP ownership, root-controlled configuration/credential files, OLS no-store reveal, sandboxed template preview. 247 route/service/whitelist, 81 network, 23 dispatch/reconcile, 77 lifecycle/package, 57 mailqueue/template/IP/OLS, 36 monitor/audit tests; 251 audit-export/role tests. See SECURITY-AUDIT-REVIEW-2026-09-24.md for deployment and limitations."
route,GET /api/v1/firewall/status,api/routers/firewall.py,get_status,get_identity,reviewed-fixed,"Manual router-to-handler review: admin-only root policy, fixed command/service allowlists, validated identifiers/CIDRs/settings, bound SQL, scoped IP ownership, root-controlled configuration/credential files, OLS no-store reveal, sandboxed template preview. 247 route/service/whitelist, 81 network, 23 dispatch/reconcile, 77 lifecycle/package, 57 mailqueue/template/IP/OLS, 36 monitor/audit tests; 251 audit-export/role tests. See SECURITY-AUDIT-REVIEW-2026-09-24.md for deployment and limitations."
route,GET /api/v1/health,api/routers/health.py,get_health,get_identity,reviewed-tested,"Source: administrator-only global telemetry, root-internal snapshot, fixed chronyc argv with timeout/cache, bounded history hours/retention and parameterized SQL; tests/test_health.py (5) and root-policy gate; root-controlled cron log directory BSA-2026-055."
route,GET /api/v1/health/history,api/routers/health.py,get_health_history,get_identity,reviewed-tested,"Source: administrator-only global telemetry, root-internal snapshot, fixed chronyc argv with timeout/cache, bounded history hours/retention and parameterized SQL; tests/test_health.py (5) and root-policy gate; root-controlled cron log directory BSA-2026-055."
route,GET /api/v1/mail-queue,api/routers/mailqueue.py,list_queue,get_identity,reviewed-tested,"Manual router-to-handler review: admin-only root policy, fixed command/service allowlists, validated identifiers/CIDRs/settings, bound SQL, scoped IP ownership, root-controlled configuration/credential files, OLS no-store reveal, sandboxed template preview. 247 route/service/whitelist, 81 network, 23 dispatch/reconcile, 77 lifecycle/package, 57 mailqueue/template/IP/OLS, 36 monitor/audit tests; 251 audit-export/role tests. See SECURITY-AUDIT-REVIEW-2026-09-24.md for deployment and limitations."
route,GET /api/v1/mail/domains/{domain}/mailboxes,api/routers/mail.py,list_mailboxes,get_identity,reviewed-fixed,mail lifecycle hardening: 63 mail/mutation/RPC-authority tests; VM canary forced post-create cache failures and verified external mail domain/mailbox/maildir/cache cleanup; no-owner domain create now fails before external create; primary handlers_mail.py hash matches and boron-provisiond active
route,GET /api/v1/mail/webmail,api/routers/mail.py,webmail_settings,get_identity,pending,
route,GET /api/v1/mysql/slow-queries,api/routers/slowquery.py,list_slow_queries,get_identity,reviewed-tested,"Manual router-to-handler review: admin-only root policy, fixed command/service allowlists, validated identifiers/CIDRs/settings, bound SQL, scoped IP ownership, root-controlled configuration/credential files, OLS no-store reveal, sandboxed template preview. 247 route/service/whitelist, 81 network, 23 dispatch/reconcile, 77 lifecycle/package, 57 mailqueue/template/IP/OLS, 36 monitor/audit tests; 251 audit-export/role tests. See SECURITY-AUDIT-REVIEW-2026-09-24.md for deployment and limitations."
route,GET /api/v1/mysql/slow-queries/status,api/routers/slowquery.py,get_status,get_identity,reviewed-tested,"Manual router-to-handler review: admin-only root policy, fixed command/service allowlists, validated identifiers/CIDRs/settings, bound SQL, scoped IP ownership, root-controlled configuration/credential files, OLS no-store reveal, sandboxed template preview. 247 route/service/whitelist, 81 network, 23 dispatch/reconcile, 77 lifecycle/package, 57 mailqueue/template/IP/OLS, 36 monitor/audit tests; 251 audit-export/role tests. See SECURITY-AUDIT-REVIEW-2026-09-24.md for deployment and limitations."
route,GET /api/v1/reseller/dashboard,api/routers/resellers.py,dashboard,get_identity,reviewed-tested,SECURITY-AUDIT-REVIEW-2026-09-24.md; lifecycle-dns-review-tests.log (140 passed); outbound-security-tests.log (227 passed); root RPC role/ownership matrix. Deployment acceptance separate.
route,GET /api/v1/security/ip-whitelist,api/routers/ipwhitelist.py,list_entries,get_identity,reviewed-tested,"Manual router-to-handler review: admin-only root policy, fixed command/service allowlists, validated identifiers/CIDRs/settings, bound SQL, scoped IP ownership, root-controlled configuration/credential files, OLS no-store reveal, sandboxed template preview. 247 route/service/whitelist, 81 network, 23 dispatch/reconcile, 77 lifecycle/package, 57 mailqueue/template/IP/OLS, 36 monitor/audit tests; 251 audit-export/role tests. See SECURITY-AUDIT-REVIEW-2026-09-24.md for deployment and limitations."
route,GET /api/v1/services,api/routers/services.py,list_services,get_identity,reviewed-tested,"Manual router-to-handler review: admin-only root policy, fixed command/service allowlists, validated identifiers/CIDRs/settings, bound SQL, scoped IP ownership, root-controlled configuration/credential files, OLS no-store reveal, sandboxed template preview. 247 route/service/whitelist, 81 network, 23 dispatch/reconcile, 77 lifecycle/package, 57 mailqueue/template/IP/OLS, 36 monitor/audit tests; 251 audit-export/role tests. See SECURITY-AUDIT-REVIEW-2026-09-24.md for deployment and limitations."
route,GET /api/v1/services/{service},api/routers/services.py,get_service,get_identity,reviewed-tested,"Manual router-to-handler review: admin-only root policy, fixed command/service allowlists, validated identifiers/CIDRs/settings, bound SQL, scoped IP ownership, root-controlled configuration/credential files, OLS no-store reveal, sandboxed template preview. 247 route/service/whitelist, 81 network, 23 dispatch/reconcile, 77 lifecycle/package, 57 mailqueue/template/IP/OLS, 36 monitor/audit tests; 251 audit-export/role tests. See SECURITY-AUDIT-REVIEW-2026-09-24.md for deployment and limitations."
route,GET /api/v1/spamfilter/global-default,api/routers/email.py,get_global_default,get_identity,reviewed-fixed,"spam-filter consistency hardening: 89 mail/spamfilter/RPC-authority tests; VM canary verified per-domain prefs/DB rollback, global local.cf lint-before-apply, global DB failure restore, and primary hashes deployed"
route,GET /api/v1/ssl/{domain}/status,api/routers/ssl_router.py,certificate_status,get_identity,reviewed-fixed,"Source review plus 41 SSL tests, 8 final real-VM ACME hook tests, actual hosted/webmail HTTP challenge success/cleanup, locked idempotent renewal migration on both servers; 47 VM reporting tests, 24 focused parser/ownership cases, 25 HTTP/root scope cases. See SECURITY-AUDIT-REVIEW-2026-09-24.md for resource budgets and limitations."
route,GET /api/v1/tokens,api/routers/tokens.py,list_tokens,get_identity,reviewed-fixed,"auth/session/TOTP/RPC authority: 82 focused tests passed; hashed sessions, root-side login protocol, token admin checks, TOTP replay/recovery serialization, live VM login smoke"
route,GET /api/v1/version,api/routers/update.py,get_version,get_identity,reviewed-public,version endpoint requires auth and returns BORON_VERSION; update-version/API tests passed outside socket sandbox
route,GET /api/v1/waf,api/routers/waf.py,get_status,get_identity,reviewed-fixed,BSA-2026-072; administrator-only controls; waf-file-transaction-tests.log
route,GET /api/v1/waf/blocked-requests,api/routers/waf.py,blocked_requests,get_identity,reviewed-fixed,BSA-2026-072; administrator-only controls; waf-file-transaction-tests.log
route,GET /api/v1/whoami,api/routers/auth.py,whoami,get_identity,reviewed-fixed,"auth/session/TOTP/RPC authority: 82 focused tests passed; hashed sessions, root-side login protocol, token admin checks, TOTP replay/recovery serialization, live VM login smoke"
route,GET /api/v1/wordpress,api/routers/wordpress.py,manager_inventory,get_identity,pending,
route,GET /app,api/main.py,spa,,reviewed-public,tests/test_public_route_inventory.py
route,GET /app/{spa_path:path},api/main.py,spa,,reviewed-public,tests/test_public_route_inventory.py
route,GET /files,api/routers/filebrowser.py,proxy,manual-auth-inside-handler,reviewed-fixed,BSA-2026-030/BSA-2026-036; 46547ff/112ed30/b8ec15d; 92+43 focused tests; VM own/cross-account/write and hostile-backend canaries; Chromium HTML/SVG isolation; primary smoke
route,GET /files/{path:path},api/routers/filebrowser.py,proxy,manual-auth-inside-handler,reviewed-fixed,BSA-2026-030/BSA-2026-036; 46547ff/112ed30/b8ec15d; 92+43 focused tests; VM own/cross-account/write and hostile-backend canaries; Chromium HTML/SVG isolation; primary smoke
route,GET /healthz,api/main.py,healthz,,reviewed-public,tests/test_public_route_inventory.py
route,GET /login,api/routers/auth.py,login_form,,reviewed-public,public login endpoints reviewed: public-route inventory plus 82 auth/session/TOTP/RPC authority tests; cross-origin form guard and root-side login protocol
route,HEAD /files,api/routers/filebrowser.py,proxy,manual-auth-inside-handler,reviewed-fixed,BSA-2026-030/BSA-2026-036; 46547ff/112ed30/b8ec15d; 92+43 focused tests; VM own/cross-account/write and hostile-backend canaries; Chromium HTML/SVG isolation; primary smoke
route,HEAD /files/{path:path},api/routers/filebrowser.py,proxy,manual-auth-inside-handler,reviewed-fixed,BSA-2026-030/BSA-2026-036; 46547ff/112ed30/b8ec15d; 92+43 focused tests; VM own/cross-account/write and hostile-backend canaries; Chromium HTML/SVG isolation; primary smoke
route,OPTIONS /files,api/routers/filebrowser.py,proxy,manual-auth-inside-handler,reviewed-fixed,BSA-2026-030/BSA-2026-036; 46547ff/112ed30/b8ec15d; 92+43 focused tests; VM own/cross-account/write and hostile-backend canaries; Chromium HTML/SVG isolation; primary smoke
route,OPTIONS /files/{path:path},api/routers/filebrowser.py,proxy,manual-auth-inside-handler,reviewed-fixed,BSA-2026-030/BSA-2026-036; 46547ff/112ed30/b8ec15d; 92+43 focused tests; VM own/cross-account/write and hostile-backend canaries; Chromium HTML/SVG isolation; primary smoke
route,PATCH /api/v1/accounts/{username}/apps/node/{app_id},api/routers/nodeapps.py,update_node_app,get_identity,reviewed-fixed,"Source: account/app ID binding, command UID, validators, root-owned unit/env, BEGIN IMMEDIATE shared port allocation, encrypted environment and teardown; bbe5cbe/3a309e9; 66 application plus 40 command tests; 204 grouped route/policy/domain tests; real Redis socket UID canary. Generated-unit log canary recorded under BSA-2026-048."
route,PATCH /api/v1/accounts/{username}/apps/python/{app_id},api/routers/pythonapps.py,update_python_app,get_identity,reviewed-fixed,"Source: account/app ID binding, command UID, validators, root-owned unit/env, BEGIN IMMEDIATE shared port allocation, encrypted environment and teardown; bbe5cbe/3a309e9; 66 application plus 40 command tests; 204 grouped route/policy/domain tests; real Redis socket UID canary. Generated-unit log canary recorded under BSA-2026-048."
route,PATCH /api/v1/accounts/{username}/crons/mailto,api/routers/cron.py,set_mailto,get_identity,reviewed-tested,SECURITY-AUDIT-REVIEW-2026-09-24.md; lifecycle-dns-review-tests.log (140 passed); outbound-security-tests.log (227 passed); root RPC role/ownership matrix. Deployment acceptance separate.
route,PATCH /api/v1/accounts/{username}/databases/{name}/password,api/routers/databases.py,change_password_patch,get_identity,reviewed-fixed,"database/FTP lifecycle hardening: 47 database/FTP/RPC-authority tests; VM canary forced post-create bookkeeping failures and external delete failures, proving created DB/FTP objects are cleaned up or rows retained for retry; primary hashes deployed"
route,PATCH /api/v1/accounts/{username}/domains/{domain}/email/routing,api/routers/email_extras.py,set_routing,get_identity,pending,
route,PATCH /api/v1/accounts/{username}/domains/{domain}/email/spam-filter,api/routers/email.py,set_spam_filter,get_identity,reviewed-fixed,"spam-filter consistency hardening: 89 mail/spamfilter/RPC-authority tests; VM canary verified per-domain prefs/DB rollback, global local.cf lint-before-apply, global DB failure restore, and primary hashes deployed"
route,PATCH /api/v1/accounts/{username}/domains/{domain}/hotlink-protection,api/routers/hotlink.py,set_hotlink_protection,get_identity,reviewed-tested,"Source: account/domain binding, row scopes, redirect/status/CIDR/allowlist validation, OLS rule interpolation, escaped maintenance HTML, generated bypass token and private custom-page writer; 204 grouped route/policy/domain tests. Failed OLS applies return errors; DB retains desired settings (not a claim of transactional rollback)."
route,PATCH /api/v1/accounts/{username}/domains/{domain}/maintenance,api/routers/maintenance.py,set_maintenance,get_identity,reviewed-tested,"Source: account/domain binding, row scopes, redirect/status/CIDR/allowlist validation, OLS rule interpolation, escaped maintenance HTML, generated bypass token and private custom-page writer; 204 grouped route/policy/domain tests. Failed OLS applies return errors; DB retains desired settings (not a claim of transactional rollback)."
route,PATCH /api/v1/accounts/{username}/domains/{domain}/php-version,api/routers/domains.py,set_domain_php_version,get_identity,reviewed-fixed,BSA-2026-046; account/domain ownership before dispatch; 85 ownership tests plus VM cases
route,PATCH /api/v1/accounts/{username}/domains/{domain}/wildcard,api/routers/wildcard.py,set_wildcard,get_identity,reviewed-tested,SECURITY-AUDIT-REVIEW-2026-09-24.md; final-auth-boundaries.log (76 passed); notification-mfa-review.log (273 passed); lifecycle-dns-review-tests.log (140 passed); explicit role/owner checks reviewed.
route,PATCH /api/v1/accounts/{username}/email/{local_part}/password,api/routers/mail.py,change_mailbox_password,get_identity,reviewed-fixed,mail lifecycle hardening: 63 mail/mutation/RPC-authority tests; VM canary forced post-create cache failures and verified external mail domain/mailbox/maildir/cache cleanup; no-owner domain create now fails before external create; primary handlers_mail.py hash matches and boron-provisiond active
route,PATCH /api/v1/accounts/{username}/ftp/{label},api/routers/ftp.py,set_ftp_path,get_identity,reviewed-fixed,"database/FTP lifecycle hardening: 47 database/FTP/RPC-authority tests; VM canary forced post-create bookkeeping failures and external delete failures, proving created DB/FTP objects are cleaned up or rows retained for retry; primary hashes deployed"
route,PATCH /api/v1/accounts/{username}/ftp/{label}/password,api/routers/ftp.py,change_ftp_password,get_identity,reviewed-fixed,"database/FTP lifecycle hardening: 47 database/FTP/RPC-authority tests; VM canary forced post-create bookkeeping failures and external delete failures, proving created DB/FTP objects are cleaned up or rows retained for retry; primary hashes deployed"
route,PATCH /api/v1/accounts/{username}/git/{name}/deploy-target,api/routers/git.py,set_deploy_target,get_identity,reviewed-fixed,BSA-2026-047; source filesystem/role review; tests/test_feature_scope_review.py and test_gitrepo.py; VM Git canary; 9aa8d30
route,PATCH /api/v1/accounts/{username}/limits,api/routers/accounts.py,set_limits,get_identity,reviewed-tested,"Reviewed admin/account access, scoped listings and root dispatch; account quota/lifecycle and root-authority regressions recorded"
route,PATCH /api/v1/accounts/{username}/namespace,api/routers/accounts.py,set_namespace,get_identity,reviewed-tested,"Reviewed admin/account access, scoped listings and root dispatch; account quota/lifecycle and root-authority regressions recorded"
route,PATCH /api/v1/accounts/{username}/notification-prefs,api/routers/notifications.py,set_prefs,get_identity,reviewed-tested,SECURITY-AUDIT-REVIEW-2026-09-24.md; final-auth-boundaries.log (76 passed); notification-mfa-review.log (273 passed); lifecycle-dns-review-tests.log (140 passed); explicit role/owner checks reviewed.
route,PATCH /api/v1/accounts/{username}/onboarding,api/routers/onboarding.py,set_onboarding,get_identity,reviewed-tested,Source account/query/output review; tests/test_feature_scope_review.py and test_onboarding.py; owner success; peer and anonymous denial
route,PATCH /api/v1/accounts/{username}/php-ini,api/routers/php_ini.py,set_php_ini,get_identity,reviewed-tested,SECURITY-AUDIT-REVIEW-2026-09-24.md; scanner-cloudflare-review.log (119 passed); php-extension-path-security.log (25 passed); old PHP path escape reproduced in isolated fixture. Root ownership policies and role checks reviewed; final release gate separate.
route,PATCH /api/v1/accounts/{username}/php-version,api/routers/accounts.py,set_php_version,get_identity,reviewed-tested,"Reviewed admin/account access, scoped listings and root dispatch; account quota/lifecycle and root-authority regressions recorded"
route,PATCH /api/v1/accounts/{username}/redis,api/routers/redis_router.py,set_redis_mem_limit,get_identity,reviewed-fixed,"Source: account/app ID binding, command UID, validators, root-owned unit/env, BEGIN IMMEDIATE shared port allocation, encrypted environment and teardown; bbe5cbe/3a309e9; 66 application plus 40 command tests; 204 grouped route/policy/domain tests; real Redis socket UID canary. Generated-unit log canary recorded under BSA-2026-048."
route,PATCH /api/v1/accounts/{username}/usage-limits,api/routers/usage_alerts.py,set_limits,get_identity,reviewed-tested,SECURITY-AUDIT-REVIEW-2026-09-24.md; lifecycle-dns-review-tests.log (140 passed); outbound-security-tests.log (227 passed); root RPC role/ownership matrix. Deployment acceptance separate.
route,PATCH /api/v1/admin/accounts/{username}/identity,api/routers/identity_admin.py,edit_identity,get_identity,reviewed-tested,Administrator-only editor; domain reservation and scoped credentials; remaining-admin-mail-review.log:51 passed
route,PATCH /api/v1/admin/accounts/{username}/passwords,api/routers/identity_admin.py,reset_password,get_identity,reviewed-tested,Administrator-only editor; domain reservation and scoped credentials; remaining-admin-mail-review.log:51 passed
route,PATCH /api/v1/admin/branding,api/routers/branding.py,set_branding,get_identity,reviewed-fixed,SVG vocabulary and CSP reviewed; 45 branding cases in imap-branding-review.log plus bounded upload test
route,PATCH /api/v1/admin/monitoring/settings,api/routers/monitoring.py,set_settings,get_identity,reviewed-tested,SECURITY-AUDIT-REVIEW-2026-09-24.md; lifecycle-dns-review-tests.log (140 passed); outbound-security-tests.log (227 passed); root RPC role/ownership matrix. Deployment acceptance separate.
route,PATCH /api/v1/admin/notifications/settings,api/routers/notifications.py,set_settings,get_identity,reviewed-tested,SECURITY-AUDIT-REVIEW-2026-09-24.md; final-auth-boundaries.log (76 passed); notification-mfa-review.log (273 passed); lifecycle-dns-review-tests.log (140 passed); explicit role/owner checks reviewed.
route,PATCH /api/v1/admin/plans/{plan_id},api/routers/plans.py,update_plan,get_identity,reviewed-fixed,"Manual router-to-handler review: admin-only root policy, fixed command/service allowlists, validated identifiers/CIDRs/settings, bound SQL, scoped IP ownership, root-controlled configuration/credential files, OLS no-store reveal, sandboxed template preview. 247 route/service/whitelist, 81 network, 23 dispatch/reconcile, 77 lifecycle/package, 57 mailqueue/template/IP/OLS, 36 monitor/audit tests; 251 audit-export/role tests. See SECURITY-AUDIT-REVIEW-2026-09-24.md for deployment and limitations."
route,PATCH /api/v1/admin/resellers/{reseller_id},api/routers/resellers.py,update_reseller,get_identity,reviewed-tested,SECURITY-AUDIT-REVIEW-2026-09-24.md; lifecycle-dns-review-tests.log (140 passed); outbound-security-tests.log (227 passed); root RPC role/ownership matrix. Deployment acceptance separate.
route,PATCH /api/v1/admin/webhooks/{webhook_id},api/routers/webhooks.py,update_webhook,get_identity,reviewed-tested,SECURITY-AUDIT-REVIEW-2026-09-24.md; lifecycle-dns-review-tests.log (140 passed); outbound-security-tests.log (227 passed); root RPC role/ownership matrix. Deployment acceptance separate.
route,PATCH /api/v1/cloudflare/accounts/{account_id},api/routers/cloudflare.py,set_account,get_identity,reviewed-tested,SECURITY-AUDIT-REVIEW-2026-09-24.md; scanner-cloudflare-review.log (119 passed); php-extension-path-security.log (25 passed); old PHP path escape reproduced in isolated fixture. Root ownership policies and role checks reviewed; final release gate separate.
route,PATCH /api/v1/cloudflare/lockdown,api/routers/cloudflare.py,lockdown,get_identity,reviewed-tested,SECURITY-AUDIT-REVIEW-2026-09-24.md; scanner-cloudflare-review.log (119 passed); php-extension-path-security.log (25 passed); old PHP path escape reproduced in isolated fixture. Root ownership policies and role checks reviewed; final release gate separate.
route,PATCH /api/v1/cloudflare/settings,api/routers/cloudflare.py,set_settings,get_identity,reviewed-tested,SECURITY-AUDIT-REVIEW-2026-09-24.md; scanner-cloudflare-review.log (119 passed); php-extension-path-security.log (25 passed); old PHP path escape reproduced in isolated fixture. Root ownership policies and role checks reviewed; final release gate separate.
route,PATCH /api/v1/spamfilter/global-default,api/routers/email.py,set_global_default,get_identity,reviewed-fixed,"spam-filter consistency hardening: 89 mail/spamfilter/RPC-authority tests; VM canary verified per-domain prefs/DB rollback, global local.cf lint-before-apply, global DB failure restore, and primary hashes deployed"
route,PATCH /files,api/routers/filebrowser.py,proxy,manual-auth-inside-handler,reviewed-fixed,BSA-2026-030/BSA-2026-036; 46547ff/112ed30/b8ec15d; 92+43 focused tests; VM own/cross-account/write and hostile-backend canaries; Chromium HTML/SVG isolation; primary smoke
route,PATCH /files/{path:path},api/routers/filebrowser.py,proxy,manual-auth-inside-handler,reviewed-fixed,BSA-2026-030/BSA-2026-036; 46547ff/112ed30/b8ec15d; 92+43 focused tests; VM own/cross-account/write and hostile-backend canaries; Chromium HTML/SVG isolation; primary smoke
route,POST /api/v1/2fa/disable,api/routers/twofactor.py,disable,get_identity,reviewed-tested,SECURITY-AUDIT-REVIEW-2026-09-24.md; final-auth-boundaries.log (76 passed); notification-mfa-review.log (273 passed); lifecycle-dns-review-tests.log (140 passed); explicit role/owner checks reviewed.
route,POST /api/v1/2fa/setup,api/routers/twofactor.py,setup,get_identity,reviewed-tested,SECURITY-AUDIT-REVIEW-2026-09-24.md; final-auth-boundaries.log (76 passed); notification-mfa-review.log (273 passed); lifecycle-dns-review-tests.log (140 passed); explicit role/owner checks reviewed.
route,POST /api/v1/2fa/verify,api/routers/twofactor.py,verify,get_identity,reviewed-tested,SECURITY-AUDIT-REVIEW-2026-09-24.md; final-auth-boundaries.log (76 passed); notification-mfa-review.log (273 passed); lifecycle-dns-review-tests.log (140 passed); explicit role/owner checks reviewed.
route,POST /api/v1/accounts,api/routers/accounts.py,create_account,get_identity,reviewed-tested,"Reviewed admin/account access, scoped listings and root dispatch; account quota/lifecycle and root-authority regressions recorded"
route,POST /api/v1/accounts/namespace/bulk-enable,api/routers/accounts.py,trigger_namespace_bulk_enable,get_identity,reviewed-tested,"Reviewed admin/account access, scoped listings and root dispatch; account quota/lifecycle and root-authority regressions recorded"
route,POST /api/v1/accounts/{username}/apps/node,api/routers/nodeapps.py,create_node_app,get_identity,reviewed-fixed,"Source: account/app ID binding, command UID, validators, root-owned unit/env, BEGIN IMMEDIATE shared port allocation, encrypted environment and teardown; bbe5cbe/3a309e9; 66 application plus 40 command tests; 204 grouped route/policy/domain tests; real Redis socket UID canary. Generated-unit log canary recorded under BSA-2026-048."
route,POST /api/v1/accounts/{username}/apps/node/{app_id}/npm-install,api/routers/nodeapps.py,npm_install_node_app,get_identity,reviewed-fixed,"Source: account/app ID binding, command UID, validators, root-owned unit/env, BEGIN IMMEDIATE shared port allocation, encrypted environment and teardown; bbe5cbe/3a309e9; 66 application plus 40 command tests; 204 grouped route/policy/domain tests; real Redis socket UID canary. Generated-unit log canary recorded under BSA-2026-048."
route,POST /api/v1/accounts/{username}/apps/node/{app_id}/restart,api/routers/nodeapps.py,restart_node_app,get_identity,reviewed-fixed,"Source: account/app ID binding, command UID, validators, root-owned unit/env, BEGIN IMMEDIATE shared port allocation, encrypted environment and teardown; bbe5cbe/3a309e9; 66 application plus 40 command tests; 204 grouped route/policy/domain tests; real Redis socket UID canary. Generated-unit log canary recorded under BSA-2026-048."
route,POST /api/v1/accounts/{username}/apps/node/{app_id}/start,api/routers/nodeapps.py,start_node_app,get_identity,reviewed-fixed,"Source: account/app ID binding, command UID, validators, root-owned unit/env, BEGIN IMMEDIATE shared port allocation, encrypted environment and teardown; bbe5cbe/3a309e9; 66 application plus 40 command tests; 204 grouped route/policy/domain tests; real Redis socket UID canary. Generated-unit log canary recorded under BSA-2026-048."
route,POST /api/v1/accounts/{username}/apps/node/{app_id}/stop,api/routers/nodeapps.py,stop_node_app,get_identity,reviewed-fixed,"Source: account/app ID binding, command UID, validators, root-owned unit/env, BEGIN IMMEDIATE shared port allocation, encrypted environment and teardown; bbe5cbe/3a309e9; 66 application plus 40 command tests; 204 grouped route/policy/domain tests; real Redis socket UID canary. Generated-unit log canary recorded under BSA-2026-048."
route,POST /api/v1/accounts/{username}/apps/python,api/routers/pythonapps.py,create_python_app,get_identity,reviewed-fixed,"Source: account/app ID binding, command UID, validators, root-owned unit/env, BEGIN IMMEDIATE shared port allocation, encrypted environment and teardown; bbe5cbe/3a309e9; 66 application plus 40 command tests; 204 grouped route/policy/domain tests; real Redis socket UID canary. Generated-unit log canary recorded under BSA-2026-048."
route,POST /api/v1/accounts/{username}/apps/python/{app_id}/pip-install,api/routers/pythonapps.py,pip_install_python_app,get_identity,reviewed-fixed,"Source: account/app ID binding, command UID, validators, root-owned unit/env, BEGIN IMMEDIATE shared port allocation, encrypted environment and teardown; bbe5cbe/3a309e9; 66 application plus 40 command tests; 204 grouped route/policy/domain tests; real Redis socket UID canary. Generated-unit log canary recorded under BSA-2026-048."
route,POST /api/v1/accounts/{username}/apps/python/{app_id}/restart,api/routers/pythonapps.py,restart_python_app,get_identity,reviewed-fixed,"Source: account/app ID binding, command UID, validators, root-owned unit/env, BEGIN IMMEDIATE shared port allocation, encrypted environment and teardown; bbe5cbe/3a309e9; 66 application plus 40 command tests; 204 grouped route/policy/domain tests; real Redis socket UID canary. Generated-unit log canary recorded under BSA-2026-048."
route,POST /api/v1/accounts/{username}/apps/python/{app_id}/start,api/routers/pythonapps.py,start_python_app,get_identity,reviewed-fixed,"Source: account/app ID binding, command UID, validators, root-owned unit/env, BEGIN IMMEDIATE shared port allocation, encrypted environment and teardown; bbe5cbe/3a309e9; 66 application plus 40 command tests; 204 grouped route/policy/domain tests; real Redis socket UID canary. Generated-unit log canary recorded under BSA-2026-048."
route,POST /api/v1/accounts/{username}/apps/python/{app_id}/stop,api/routers/pythonapps.py,stop_python_app,get_identity,reviewed-fixed,"Source: account/app ID binding, command UID, validators, root-owned unit/env, BEGIN IMMEDIATE shared port allocation, encrypted environment and teardown; bbe5cbe/3a309e9; 66 application plus 40 command tests; 204 grouped route/policy/domain tests; real Redis socket UID canary. Generated-unit log canary recorded under BSA-2026-048."
route,POST /api/v1/accounts/{username}/backups,api/routers/account_backups.py,trigger_backup,get_identity,pending,
route,POST /api/v1/accounts/{username}/backups/snapshots/restores/{restore_id}/undo,api/routers/account_backups.py,undo_snapshot_restore,get_identity,pending,
route,POST /api/v1/accounts/{username}/backups/snapshots/runs/{run_id}/restore,api/routers/account_backups.py,restore_snapshot,get_identity,pending,
route,POST /api/v1/accounts/{username}/backups/{job_id}/restore,api/routers/account_backups.py,trigger_restore,get_identity,pending,
route,POST /api/v1/accounts/{username}/composer,api/routers/devtools.py,run_composer,get_identity,reviewed-tested,wordpress-tools-review.log:57 passed; account-scoped command jobs and tenant execution
route,POST /api/v1/accounts/{username}/crons,api/routers/cron.py,add_cron,get_identity,reviewed-tested,SECURITY-AUDIT-REVIEW-2026-09-24.md; lifecycle-dns-review-tests.log (140 passed); outbound-security-tests.log (227 passed); root RPC role/ownership matrix. Deployment acceptance separate.
route,POST /api/v1/accounts/{username}/databases,api/routers/databases.py,create_database,get_identity,reviewed-fixed,"database/FTP lifecycle hardening: 47 database/FTP/RPC-authority tests; VM canary forced post-create bookkeeping failures and external delete failures, proving created DB/FTP objects are cleaned up or rows retained for retry; primary hashes deployed"
route,POST /api/v1/accounts/{username}/databases/{name}/password,api/routers/databases.py,change_password,get_identity,reviewed-fixed,"database/FTP lifecycle hardening: 47 database/FTP/RPC-authority tests; VM canary forced post-create bookkeeping failures and external delete failures, proving created DB/FTP objects are cleaned up or rows retained for retry; primary hashes deployed"
route,POST /api/v1/accounts/{username}/databases/{name}/pma-token,api/routers/pma.py,create_pma_token,get_identity,reviewed-fixed,"PMA token hardening: 18 PMA unit/sign-on tests plus 1 exact-grant MariaDB test; VM token canary minted temp DB token, verified 0640 regular token file, expired cleanup dropped ephemeral DB user/file/row and dropped temp DB; primary hash deployed"
route,POST /api/v1/accounts/{username}/domains,api/routers/domains.py,add_domain,get_identity,reviewed-fixed,BSA-2026-046; account/domain ownership before dispatch; 85 ownership tests plus VM cases
route,POST /api/v1/accounts/{username}/domains/{domain}/apps/{app_id},api/routers/apps.py,trigger_install,get_identity,pending,
route,POST /api/v1/accounts/{username}/domains/{domain}/email/autoresponders,api/routers/email.py,set_autoresponder,get_identity,reviewed-fixed,autoresponder Sieve rollback hardening: 82 handler/autoresponder/mail-mutation/RPC-authority tests; VM canary forced row set/delete failures and verified .dovecot.sieve new-file removal and old-file restoration; primary handlers_mail.py hash deployed
route,POST /api/v1/accounts/{username}/domains/{domain}/email/catchall,api/routers/email.py,set_catchall,get_identity,pending,
route,POST /api/v1/accounts/{username}/domains/{domain}/email/forwarders,api/routers/email.py,create_forwarder,get_identity,pending,
route,POST /api/v1/accounts/{username}/domains/{domain}/ip-block,api/routers/ipblock.py,add_ip_block,get_identity,reviewed-tested,"Source: account/domain binding, row scopes, redirect/status/CIDR/allowlist validation, OLS rule interpolation, escaped maintenance HTML, generated bypass token and private custom-page writer; 204 grouped route/policy/domain tests. Failed OLS applies return errors; DB retains desired settings (not a claim of transactional rollback)."
route,POST /api/v1/accounts/{username}/domains/{domain}/lscache/purge,api/routers/lscache_router.py,purge_lscache,get_identity,reviewed-fixed,BSA-2026-071; authenticated account/domain access; cache-waf-review.log
route,POST /api/v1/accounts/{username}/domains/{domain}/redirects,api/routers/redirects.py,create_redirect,get_identity,reviewed-tested,"Source: account/domain binding, row scopes, redirect/status/CIDR/allowlist validation, OLS rule interpolation, escaped maintenance HTML, generated bypass token and private custom-page writer; 204 grouped route/policy/domain tests. Failed OLS applies return errors; DB retains desired settings (not a claim of transactional rollback)."
route,POST /api/v1/accounts/{username}/domains/{domain}/ssl/issue,api/routers/ssl_router.py,issue_or_renew_certificate,get_identity,reviewed-fixed,"Source review plus 41 SSL tests, 8 final real-VM ACME hook tests, actual hosted/webmail HTTP challenge success/cleanup, locked idempotent renewal migration on both servers; 47 VM reporting tests, 24 focused parser/ownership cases, 25 HTTP/root scope cases. See SECURITY-AUDIT-REVIEW-2026-09-24.md for resource budgets and limitations."
route,POST /api/v1/accounts/{username}/domains/{domain}/ssl/wildcard,api/routers/ssl_router.py,issue_wildcard_certificate,get_identity,reviewed-fixed,"Source review plus 41 SSL tests, 8 final real-VM ACME hook tests, actual hosted/webmail HTTP challenge success/cleanup, locked idempotent renewal migration on both servers; 47 VM reporting tests, 24 focused parser/ownership cases, 25 HTTP/root scope cases. See SECURITY-AUDIT-REVIEW-2026-09-24.md for resource budgets and limitations."
route,POST /api/v1/accounts/{username}/domains/{domain}/staging,api/routers/staging.py,create_staging,get_identity,reviewed-fixed,f5618e3; account/domain access; staging-boundary-tests.log and VM tenant copy canaries
route,POST /api/v1/accounts/{username}/domains/{domain}/staging/sync,api/routers/staging.py,sync_staging,get_identity,reviewed-fixed,f5618e3; account/domain access; staging-boundary-tests.log and VM tenant copy canaries
route,POST /api/v1/accounts/{username}/domains/{domain}/wordpress,api/routers/wordpress.py,trigger_install,get_identity,pending,
route,POST /api/v1/accounts/{username}/domains/{domain}/wordpress/actions,api/routers/wordpress.py,run_wpcli_action,get_identity,pending,
route,POST /api/v1/accounts/{username}/domains/{domain}/wordpress/login,api/routers/wordpress.py,login_site,get_identity,pending,
route,POST /api/v1/accounts/{username}/domains/{domain}/wordpress/login/open,api/routers/wordpress.py,open_wordpress_login,get_identity,pending,
route,POST /api/v1/accounts/{username}/domains/{domain}/wordpress/manage,api/routers/wordpress.py,manage_site,get_identity,pending,
route,POST /api/v1/accounts/{username}/domains/{domain}/wordpress/refresh,api/routers/wordpress.py,refresh_installation,get_identity,pending,
route,POST /api/v1/accounts/{username}/domains/{domain}/wordpress/remove,api/routers/wordpress.py,remove_installation,get_identity,pending,
route,POST /api/v1/accounts/{username}/email/imap-migrate,api/routers/imapsync.py,start_migration,get_identity,reviewed-fixed,Account/mailbox ownership and root policies reviewed; imap-branding-review.log; remote folder limit regression
route,POST /api/v1/accounts/{username}/email/imap-migrate/list-folders,api/routers/imapsync.py,list_source_folders,get_identity,reviewed-fixed,Account/mailbox ownership and root policies reviewed; imap-branding-review.log; remote folder limit regression
route,POST /api/v1/accounts/{username}/email/imap-migrate/{job_id}/cancel,api/routers/imapsync.py,cancel_migration,get_identity,reviewed-fixed,Account/mailbox ownership and root policies reviewed; imap-branding-review.log; remote folder limit regression
route,POST /api/v1/accounts/{username}/email/{mailbox}/spam-filters,api/routers/spamfilter.py,add_entry,get_identity,reviewed-fixed,spamfilter entry rollback hardening: 93 spamfilter/mail/RPC-authority tests; VM canary forced global Sieve refresh failures on add/delete/import/mailbox cleanup and verified DB rows rolled back or restored; primary spamfilter.py hash deployed
route,POST /api/v1/accounts/{username}/email/{mailbox}/spam-filters/import,api/routers/spamfilter.py,import_entries,get_identity,reviewed-fixed,spamfilter entry rollback hardening: 93 spamfilter/mail/RPC-authority tests; VM canary forced global Sieve refresh failures on add/delete/import/mailbox cleanup and verified DB rows rolled back or restored; primary spamfilter.py hash deployed
route,POST /api/v1/accounts/{username}/file-auth,api/routers/fileauth.py,enable_protection,get_identity,reviewed-fixed,"fileauth symlink-safe htpasswd hardening: 31 fileauth/RPC-authority tests; VM canary enabled temp docroot dir, added/listed/deleted bcrypt user, rejected swapped .htpasswd symlink without touching canary, disabled row and cleaned temp dir; primary hash deployed"
route,POST /api/v1/accounts/{username}/file-auth/users,api/routers/fileauth.py,add_user,get_identity,reviewed-fixed,"fileauth symlink-safe htpasswd hardening: 31 fileauth/RPC-authority tests; VM canary enabled temp docroot dir, added/listed/deleted bcrypt user, rejected swapped .htpasswd symlink without touching canary, disabled row and cleaned temp dir; primary hash deployed"
route,POST /api/v1/accounts/{username}/ftp,api/routers/ftp.py,create_ftp_account,get_identity,reviewed-fixed,"database/FTP lifecycle hardening: 47 database/FTP/RPC-authority tests; VM canary forced post-create bookkeeping failures and external delete failures, proving created DB/FTP objects are cleaned up or rows retained for retry; primary hashes deployed"
route,POST /api/v1/accounts/{username}/git,api/routers/git.py,create_repo,get_identity,reviewed-fixed,BSA-2026-047; source filesystem/role review; tests/test_feature_scope_review.py and test_gitrepo.py; VM Git canary; 9aa8d30
route,POST /api/v1/accounts/{username}/malware/findings/{finding_id}/ignore,api/routers/malware.py,ignore,get_identity,reviewed-tested,SECURITY-AUDIT-REVIEW-2026-09-24.md; scanner-cloudflare-review.log (119 passed); php-extension-path-security.log (25 passed); old PHP path escape reproduced in isolated fixture. Root ownership policies and role checks reviewed; final release gate separate.
route,POST /api/v1/accounts/{username}/malware/findings/{finding_id}/quarantine,api/routers/malware.py,quarantine,get_identity,reviewed-tested,SECURITY-AUDIT-REVIEW-2026-09-24.md; scanner-cloudflare-review.log (119 passed); php-extension-path-security.log (25 passed); old PHP path escape reproduced in isolated fixture. Root ownership policies and role checks reviewed; final release gate separate.
route,POST /api/v1/accounts/{username}/malware/findings/{finding_id}/restore,api/routers/malware.py,restore,get_identity,reviewed-tested,SECURITY-AUDIT-REVIEW-2026-09-24.md; scanner-cloudflare-review.log (119 passed); php-extension-path-security.log (25 passed); old PHP path escape reproduced in isolated fixture. Root ownership policies and role checks reviewed; final release gate separate.
route,POST /api/v1/accounts/{username}/malware/scans,api/routers/malware.py,start_scan,get_identity,reviewed-tested,SECURITY-AUDIT-REVIEW-2026-09-24.md; scanner-cloudflare-review.log (119 passed); php-extension-path-security.log (25 passed); old PHP path escape reproduced in isolated fixture. Root ownership policies and role checks reviewed; final release gate separate.
route,POST /api/v1/accounts/{username}/parked-domains,api/routers/parked.py,add_parked,get_identity,reviewed-tested,SECURITY-AUDIT-REVIEW-2026-09-24.md; final-auth-boundaries.log (76 passed); notification-mfa-review.log (273 passed); lifecycle-dns-review-tests.log (140 passed); explicit role/owner checks reviewed.
route,POST /api/v1/accounts/{username}/redis,api/routers/redis_router.py,enable_redis,get_identity,reviewed-fixed,"Source: account/app ID binding, command UID, validators, root-owned unit/env, BEGIN IMMEDIATE shared port allocation, encrypted environment and teardown; bbe5cbe/3a309e9; 66 application plus 40 command tests; 204 grouped route/policy/domain tests; real Redis socket UID canary. Generated-unit log canary recorded under BSA-2026-048."
route,POST /api/v1/accounts/{username}/redis/flush,api/routers/redis_router.py,flush_redis,get_identity,reviewed-fixed,"Source: account/app ID binding, command UID, validators, root-owned unit/env, BEGIN IMMEDIATE shared port allocation, encrypted environment and teardown; bbe5cbe/3a309e9; 66 application plus 40 command tests; 204 grouped route/policy/domain tests; real Redis socket UID canary. Generated-unit log canary recorded under BSA-2026-048."
route,POST /api/v1/accounts/{username}/ssh-keys,api/routers/sshkeys.py,add_key,get_identity,reviewed-tested,All routes require customer self access; validated public keys; shared-I/O/SSH 70-case regression
route,POST /api/v1/accounts/{username}/suspend,api/routers/accounts.py,suspend_account,get_identity,reviewed-tested,"Reviewed admin/account access, scoped listings and root dispatch; account quota/lifecycle and root-authority regressions recorded"
route,POST /api/v1/accounts/{username}/terminate,api/routers/accounts.py,terminate_account,get_identity,reviewed-tested,"Reviewed admin/account access, scoped listings and root dispatch; account quota/lifecycle and root-authority regressions recorded"
route,POST /api/v1/accounts/{username}/unsuspend,api/routers/accounts.py,unsuspend_account,get_identity,reviewed-tested,"Reviewed admin/account access, scoped listings and root dispatch; account quota/lifecycle and root-authority regressions recorded"
route,POST /api/v1/accounts/{username}/wordpress/{wp_id}/wpcli,api/routers/devtools.py,run_wpcli,get_identity,reviewed-tested,wordpress-tools-review.log:57 passed; account-scoped command jobs and tenant execution
route,POST /api/v1/admin/accounts/bulk-action,api/routers/bulkops.py,bulk_action,get_identity,reviewed-tested,Global administrator policy; fixed actions and per-account handlers; remaining-admin-mail-review.log
route,POST /api/v1/admin/accounts/{username}/apply-plan/{plan_id},api/routers/plans.py,apply_plan,get_identity,reviewed-fixed,"Manual router-to-handler review: admin-only root policy, fixed command/service allowlists, validated identifiers/CIDRs/settings, bound SQL, scoped IP ownership, root-controlled configuration/credential files, OLS no-store reveal, sandboxed template preview. 247 route/service/whitelist, 81 network, 23 dispatch/reconcile, 77 lifecycle/package, 57 mailqueue/template/IP/OLS, 36 monitor/audit tests; 251 audit-export/role tests. See SECURITY-AUDIT-REVIEW-2026-09-24.md for deployment and limitations."
route,POST /api/v1/admin/accounts/{username}/impersonate,api/routers/impersonation.py,impersonate,get_identity,reviewed-fixed,SECURITY-AUDIT-REVIEW-2026-09-24.md; final-auth-boundaries.log (76 passed); notification-mfa-review.log (273 passed); lifecycle-dns-review-tests.log (140 passed); explicit role/owner checks reviewed.
route,POST /api/v1/admin/accounts/{username}/notes,api/routers/notes.py,add_note,get_identity,reviewed-fixed,Source role/query/output review; author stamped by verified root principal; tests/test_feature_scope_review.py; test_notes.py; test_rpc_dispatch_security.py
route,POST /api/v1/admin/branding/favicon,api/routers/branding.py,upload_favicon,get_identity,reviewed-fixed,SVG vocabulary and CSP reviewed; 45 branding cases in imap-branding-review.log plus bounded upload test
route,POST /api/v1/admin/branding/logo,api/routers/branding.py,upload_logo,get_identity,reviewed-fixed,SVG vocabulary and CSP reviewed; 45 branding cases in imap-branding-review.log plus bounded upload test
route,POST /api/v1/admin/db/kill-privilege/bootstrap,api/routers/dbmonitor.py,bootstrap_kill_privilege,get_identity,reviewed-tested,"Manual router-to-handler review: admin-only root policy, fixed command/service allowlists, validated identifiers/CIDRs/settings, bound SQL, scoped IP ownership, root-controlled configuration/credential files, OLS no-store reveal, sandboxed template preview. 247 route/service/whitelist, 81 network, 23 dispatch/reconcile, 77 lifecycle/package, 57 mailqueue/template/IP/OLS, 36 monitor/audit tests; 251 audit-export/role tests. See SECURITY-AUDIT-REVIEW-2026-09-24.md for deployment and limitations."
route,POST /api/v1/admin/import/accounts,api/routers/cpanel_import.py,trigger_account_import,get_identity,reviewed-fixed,BSA-2026-077/078: cPanel and portable import source review; import-boundary-tests.log 66 passed; import-link-cycle-test.log; VM import-path acceptance canaries.
route,POST /api/v1/admin/import/boron,api/routers/portable_archive.py,import_archive,get_identity,reviewed-fixed,BSA-2026-077/078: cPanel and portable import source review; import-boundary-tests.log 66 passed; import-link-cycle-test.log; VM import-path acceptance canaries.
route,POST /api/v1/admin/import/cpanel,api/routers/cpanel_import.py,trigger_import,get_identity,reviewed-fixed,BSA-2026-077/078: cPanel and portable import source review; import-boundary-tests.log 66 passed; import-link-cycle-test.log; VM import-path acceptance canaries.
route,POST /api/v1/admin/ip-bans,api/routers/ipban.py,add_ban,get_identity,reviewed-fixed,"Manual router-to-handler review: admin-only root policy, fixed command/service allowlists, validated identifiers/CIDRs/settings, bound SQL, scoped IP ownership, root-controlled configuration/credential files, OLS no-store reveal, sandboxed template preview. 247 route/service/whitelist, 81 network, 23 dispatch/reconcile, 77 lifecycle/package, 57 mailqueue/template/IP/OLS, 36 monitor/audit tests; 251 audit-export/role tests. See SECURITY-AUDIT-REVIEW-2026-09-24.md for deployment and limitations."
route,POST /api/v1/admin/ip-management/import,api/routers/ipmanager.py,import_addresses,get_identity,reviewed-tested,"Manual router-to-handler review: admin-only root policy, fixed command/service allowlists, validated identifiers/CIDRs/settings, bound SQL, scoped IP ownership, root-controlled configuration/credential files, OLS no-store reveal, sandboxed template preview. 247 route/service/whitelist, 81 network, 23 dispatch/reconcile, 77 lifecycle/package, 57 mailqueue/template/IP/OLS, 36 monitor/audit tests; 251 audit-export/role tests. See SECURITY-AUDIT-REVIEW-2026-09-24.md for deployment and limitations."
route,POST /api/v1/admin/openlitespeed/credentials/reset,api/routers/olsadmin.py,reset_password,get_identity,reviewed-tested,"Manual router-to-handler review: admin-only root policy, fixed command/service allowlists, validated identifiers/CIDRs/settings, bound SQL, scoped IP ownership, root-controlled configuration/credential files, OLS no-store reveal, sandboxed template preview. 247 route/service/whitelist, 81 network, 23 dispatch/reconcile, 77 lifecycle/package, 57 mailqueue/template/IP/OLS, 36 monitor/audit tests; 251 audit-export/role tests. See SECURITY-AUDIT-REVIEW-2026-09-24.md for deployment and limitations."
route,POST /api/v1/admin/openlitespeed/credentials/reveal,api/routers/olsadmin.py,reveal_password,get_identity,reviewed-tested,"Manual router-to-handler review: admin-only root policy, fixed command/service allowlists, validated identifiers/CIDRs/settings, bound SQL, scoped IP ownership, root-controlled configuration/credential files, OLS no-store reveal, sandboxed template preview. 247 route/service/whitelist, 81 network, 23 dispatch/reconcile, 77 lifecycle/package, 57 mailqueue/template/IP/OLS, 36 monitor/audit tests; 251 audit-export/role tests. See SECURITY-AUDIT-REVIEW-2026-09-24.md for deployment and limitations."
route,POST /api/v1/admin/openlitespeed/reload,api/routers/olsadmin.py,reload_server,get_identity,reviewed-tested,"Manual router-to-handler review: admin-only root policy, fixed command/service allowlists, validated identifiers/CIDRs/settings, bound SQL, scoped IP ownership, root-controlled configuration/credential files, OLS no-store reveal, sandboxed template preview. 247 route/service/whitelist, 81 network, 23 dispatch/reconcile, 77 lifecycle/package, 57 mailqueue/template/IP/OLS, 36 monitor/audit tests; 251 audit-export/role tests. See SECURITY-AUDIT-REVIEW-2026-09-24.md for deployment and limitations."
route,POST /api/v1/admin/panel-config/ports,api/routers/panel_config.py,change_ports,get_identity,reviewed-tested,"Admin-only port changes, typed bounds and explicit confirmation; remaining-admin-mail-review.log:51 passed"
route,POST /api/v1/admin/plans,api/routers/plans.py,create_plan,get_identity,reviewed-fixed,"Manual router-to-handler review: admin-only root policy, fixed command/service allowlists, validated identifiers/CIDRs/settings, bound SQL, scoped IP ownership, root-controlled configuration/credential files, OLS no-store reveal, sandboxed template preview. 247 route/service/whitelist, 81 network, 23 dispatch/reconcile, 77 lifecycle/package, 57 mailqueue/template/IP/OLS, 36 monitor/audit tests; 251 audit-export/role tests. See SECURITY-AUDIT-REVIEW-2026-09-24.md for deployment and limitations."
route,POST /api/v1/admin/resellers,api/routers/resellers.py,create_reseller,get_identity,reviewed-tested,SECURITY-AUDIT-REVIEW-2026-09-24.md; lifecycle-dns-review-tests.log (140 passed); outbound-security-tests.log (227 passed); root RPC role/ownership matrix. Deployment acceptance separate.
route,POST /api/v1/admin/resellers/plans,api/routers/resellers.py,create_plan,get_identity,reviewed-tested,SECURITY-AUDIT-REVIEW-2026-09-24.md; lifecycle-dns-review-tests.log (140 passed); outbound-security-tests.log (227 passed); root RPC role/ownership matrix. Deployment acceptance separate.
route,POST /api/v1/admin/sitestats/geoip,api/routers/sitestats.py,configure_geoip,get_identity,reviewed-fixed,"Source review plus 41 SSL tests, 8 final real-VM ACME hook tests, actual hosted/webmail HTTP challenge success/cleanup, locked idempotent renewal migration on both servers; 47 VM reporting tests, 24 focused parser/ownership cases, 25 HTTP/root scope cases. See SECURITY-AUDIT-REVIEW-2026-09-24.md for resource budgets and limitations."
route,POST /api/v1/admin/ssl/domains/{domain}/issue,api/routers/ssl_router.py,admin_issue_certificate,get_identity,reviewed-fixed,"Source review plus 41 SSL tests, 8 final real-VM ACME hook tests, actual hosted/webmail HTTP challenge success/cleanup, locked idempotent renewal migration on both servers; 47 VM reporting tests, 24 focused parser/ownership cases, 25 HTTP/root scope cases. See SECURITY-AUDIT-REVIEW-2026-09-24.md for resource budgets and limitations."
route,POST /api/v1/admin/ssl/domains/{domain}/wildcard,api/routers/ssl_router.py,admin_issue_wildcard_certificate,get_identity,reviewed-fixed,"Source review plus 41 SSL tests, 8 final real-VM ACME hook tests, actual hosted/webmail HTTP challenge success/cleanup, locked idempotent renewal migration on both servers; 47 VM reporting tests, 24 focused parser/ownership cases, 25 HTTP/root scope cases. See SECURITY-AUDIT-REVIEW-2026-09-24.md for resource budgets and limitations."
route,POST /api/v1/admin/update/check,api/routers/update.py,update_check_now,get_identity,reviewed-fixed,"update/release gate: 16 API/version/signature, 89 update/finalizer, 11 release tests; VM signed 1.5.1 update job and rollback job completed; post-rollback admin login smoke"
route,POST /api/v1/admin/update/rollback,api/routers/update.py,update_rollback,get_identity,reviewed-fixed,"update/release gate: 16 API/version/signature, 89 update/finalizer, 11 release tests; VM signed 1.5.1 update job and rollback job completed; post-rollback admin login smoke"
route,POST /api/v1/admin/update/start,api/routers/update.py,update_start,get_identity,reviewed-fixed,"update/release gate: 16 API/version/signature, 89 update/finalizer, 11 release tests; VM signed 1.5.1 update job and rollback job completed; post-rollback admin login smoke"
route,POST /api/v1/admin/webhooks,api/routers/webhooks.py,create_webhook,get_identity,reviewed-tested,SECURITY-AUDIT-REVIEW-2026-09-24.md; lifecycle-dns-review-tests.log (140 passed); outbound-security-tests.log (227 passed); root RPC role/ownership matrix. Deployment acceptance separate.
route,POST /api/v1/admin/webhooks/{webhook_id}/test,api/routers/webhooks.py,test_webhook,get_identity,reviewed-tested,SECURITY-AUDIT-REVIEW-2026-09-24.md; lifecycle-dns-review-tests.log (140 passed); outbound-security-tests.log (227 passed); root RPC role/ownership matrix. Deployment acceptance separate.
route,POST /api/v1/backups/destinations,api/routers/backups.py,create_destination,get_identity,pending,
route,POST /api/v1/backups/schedules,api/routers/backups.py,set_schedule,get_identity,pending,
route,POST /api/v1/backups/snapshots/destinations,api/routers/backups.py,snapshot_create_destination,get_identity,pending,
route,POST /api/v1/backups/snapshots/destinations/{destination_id}/initialize,api/routers/backups.py,snapshot_initialize_destination,get_identity,pending,
route,POST /api/v1/backups/snapshots/destinations/{destination_id}/recovery-key,api/routers/backups.py,snapshot_recovery_key,get_identity,pending,
route,POST /api/v1/backups/snapshots/policies,api/routers/backups.py,snapshot_create_policy,get_identity,pending,
route,POST /api/v1/backups/snapshots/policies/{policy_id}/run,api/routers/backups.py,snapshot_run_policy,get_identity,pending,
route,POST /api/v1/cloudflare/accounts,api/routers/cloudflare.py,add_account,get_identity,reviewed-tested,SECURITY-AUDIT-REVIEW-2026-09-24.md; scanner-cloudflare-review.log (119 passed); php-extension-path-security.log (25 passed); old PHP path escape reproduced in isolated fixture. Root ownership policies and role checks reviewed; final release gate separate.
route,POST /api/v1/cloudflare/accounts/{account_id}/test,api/routers/cloudflare.py,test_account,get_identity,reviewed-tested,SECURITY-AUDIT-REVIEW-2026-09-24.md; scanner-cloudflare-review.log (119 passed); php-extension-path-security.log (25 passed); old PHP path escape reproduced in isolated fixture. Root ownership policies and role checks reviewed; final release gate separate.
route,POST /api/v1/cloudflare/bulk-migrate,api/routers/cloudflare.py,bulk_migrate,get_identity,reviewed-tested,SECURITY-AUDIT-REVIEW-2026-09-24.md; scanner-cloudflare-review.log (119 passed); php-extension-path-security.log (25 passed); old PHP path escape reproduced in isolated fixture. Root ownership policies and role checks reviewed; final release gate separate.
route,POST /api/v1/cloudflare/bulk-purge,api/routers/cloudflare.py,bulk_purge,get_identity,reviewed-tested,SECURITY-AUDIT-REVIEW-2026-09-24.md; scanner-cloudflare-review.log (119 passed); php-extension-path-security.log (25 passed); old PHP path escape reproduced in isolated fixture. Root ownership policies and role checks reviewed; final release gate separate.
route,POST /api/v1/cloudflare/ranges/refresh,api/routers/cloudflare.py,refresh_ranges,get_identity,reviewed-tested,SECURITY-AUDIT-REVIEW-2026-09-24.md; scanner-cloudflare-review.log (119 passed); php-extension-path-security.log (25 passed); old PHP path escape reproduced in isolated fixture. Root ownership policies and role checks reviewed; final release gate separate.
route,POST /api/v1/dns/zones,api/routers/dns.py,create_zone,get_identity,pending,
route,POST /api/v1/dns/zones/{domain}/cloudflare/check,api/routers/cloudflare.py,check_activation,get_identity,reviewed-tested,SECURITY-AUDIT-REVIEW-2026-09-24.md; scanner-cloudflare-review.log (119 passed); php-extension-path-security.log (25 passed); old PHP path escape reproduced in isolated fixture. Root ownership policies and role checks reviewed; final release gate separate.
route,POST /api/v1/dns/zones/{domain}/cloudflare/disable,api/routers/cloudflare.py,disable_zone,get_identity,reviewed-tested,SECURITY-AUDIT-REVIEW-2026-09-24.md; scanner-cloudflare-review.log (119 passed); php-extension-path-security.log (25 passed); old PHP path escape reproduced in isolated fixture. Root ownership policies and role checks reviewed; final release gate separate.
route,POST /api/v1/dns/zones/{domain}/cloudflare/enable,api/routers/cloudflare.py,enable_zone,get_identity,reviewed-tested,SECURITY-AUDIT-REVIEW-2026-09-24.md; scanner-cloudflare-review.log (119 passed); php-extension-path-security.log (25 passed); old PHP path escape reproduced in isolated fixture. Root ownership policies and role checks reviewed; final release gate separate.
route,POST /api/v1/dns/zones/{domain}/cloudflare/proxy-all,api/routers/cloudflare.py,enable_proxy,get_identity,reviewed-tested,SECURITY-AUDIT-REVIEW-2026-09-24.md; scanner-cloudflare-review.log (119 passed); php-extension-path-security.log (25 passed); old PHP path escape reproduced in isolated fixture. Root ownership policies and role checks reviewed; final release gate separate.
route,POST /api/v1/dns/zones/{domain}/cloudflare/purge,api/routers/cloudflare.py,purge_cache,get_identity,reviewed-tested,SECURITY-AUDIT-REVIEW-2026-09-24.md; scanner-cloudflare-review.log (119 passed); php-extension-path-security.log (25 passed); old PHP path escape reproduced in isolated fixture. Root ownership policies and role checks reviewed; final release gate separate.
route,POST /api/v1/fail2ban/bootstrap,api/routers/fail2ban.py,bootstrap,get_identity,reviewed-fixed,"Manual router-to-handler review: admin-only root policy, fixed command/service allowlists, validated identifiers/CIDRs/settings, bound SQL, scoped IP ownership, root-controlled configuration/credential files, OLS no-store reveal, sandboxed template preview. 247 route/service/whitelist, 81 network, 23 dispatch/reconcile, 77 lifecycle/package, 57 mailqueue/template/IP/OLS, 36 monitor/audit tests; 251 audit-export/role tests. See SECURITY-AUDIT-REVIEW-2026-09-24.md for deployment and limitations."
route,POST /api/v1/fail2ban/{jail}/unban,api/routers/fail2ban.py,unban_ip,get_identity,reviewed-fixed,"Manual router-to-handler review: admin-only root policy, fixed command/service allowlists, validated identifiers/CIDRs/settings, bound SQL, scoped IP ownership, root-controlled configuration/credential files, OLS no-store reveal, sandboxed template preview. 247 route/service/whitelist, 81 network, 23 dispatch/reconcile, 77 lifecycle/package, 57 mailqueue/template/IP/OLS, 36 monitor/audit tests; 251 audit-export/role tests. See SECURITY-AUDIT-REVIEW-2026-09-24.md for deployment and limitations."
route,POST /api/v1/fail2ban/{jail}/unban-all,api/routers/fail2ban.py,unban_all,get_identity,reviewed-fixed,"Manual router-to-handler review: admin-only root policy, fixed command/service allowlists, validated identifiers/CIDRs/settings, bound SQL, scoped IP ownership, root-controlled configuration/credential files, OLS no-store reveal, sandboxed template preview. 247 route/service/whitelist, 81 network, 23 dispatch/reconcile, 77 lifecycle/package, 57 mailqueue/template/IP/OLS, 36 monitor/audit tests; 251 audit-export/role tests. See SECURITY-AUDIT-REVIEW-2026-09-24.md for deployment and limitations."
route,POST /api/v1/firewall/bypass,api/routers/firewall.py,add_bypass,get_identity,reviewed-fixed,"Manual router-to-handler review: admin-only root policy, fixed command/service allowlists, validated identifiers/CIDRs/settings, bound SQL, scoped IP ownership, root-controlled configuration/credential files, OLS no-store reveal, sandboxed template preview. 247 route/service/whitelist, 81 network, 23 dispatch/reconcile, 77 lifecycle/package, 57 mailqueue/template/IP/OLS, 36 monitor/audit tests; 251 audit-export/role tests. See SECURITY-AUDIT-REVIEW-2026-09-24.md for deployment and limitations."
route,POST /api/v1/firewall/disable,api/routers/firewall.py,disable,get_identity,reviewed-fixed,"Manual router-to-handler review: admin-only root policy, fixed command/service allowlists, validated identifiers/CIDRs/settings, bound SQL, scoped IP ownership, root-controlled configuration/credential files, OLS no-store reveal, sandboxed template preview. 247 route/service/whitelist, 81 network, 23 dispatch/reconcile, 77 lifecycle/package, 57 mailqueue/template/IP/OLS, 36 monitor/audit tests; 251 audit-export/role tests. See SECURITY-AUDIT-REVIEW-2026-09-24.md for deployment and limitations."
route,POST /api/v1/firewall/enable,api/routers/firewall.py,enable,get_identity,reviewed-fixed,"Manual router-to-handler review: admin-only root policy, fixed command/service allowlists, validated identifiers/CIDRs/settings, bound SQL, scoped IP ownership, root-controlled configuration/credential files, OLS no-store reveal, sandboxed template preview. 247 route/service/whitelist, 81 network, 23 dispatch/reconcile, 77 lifecycle/package, 57 mailqueue/template/IP/OLS, 36 monitor/audit tests; 251 audit-export/role tests. See SECURITY-AUDIT-REVIEW-2026-09-24.md for deployment and limitations."
route,POST /api/v1/firewall/rules,api/routers/firewall.py,add_rule,get_identity,reviewed-fixed,"Manual router-to-handler review: admin-only root policy, fixed command/service allowlists, validated identifiers/CIDRs/settings, bound SQL, scoped IP ownership, root-controlled configuration/credential files, OLS no-store reveal, sandboxed template preview. 247 route/service/whitelist, 81 network, 23 dispatch/reconcile, 77 lifecycle/package, 57 mailqueue/template/IP/OLS, 36 monitor/audit tests; 251 audit-export/role tests. See SECURITY-AUDIT-REVIEW-2026-09-24.md for deployment and limitations."
route,POST /api/v1/impersonate/redeem,api/routers/impersonation.py,redeem,get_identity,reviewed-fixed,SECURITY-AUDIT-REVIEW-2026-09-24.md; final-auth-boundaries.log (76 passed); notification-mfa-review.log (273 passed); lifecycle-dns-review-tests.log (140 passed); explicit role/owner checks reviewed.
route,POST /api/v1/impersonate/return,api/routers/impersonation.py,return_to_admin,get_identity,reviewed-fixed,SECURITY-AUDIT-REVIEW-2026-09-24.md; final-auth-boundaries.log (76 passed); notification-mfa-review.log (273 passed); lifecycle-dns-review-tests.log (140 passed); explicit role/owner checks reviewed.
route,POST /api/v1/mail-queue/delete-all,api/routers/mailqueue.py,delete_all,get_identity,reviewed-tested,"Manual router-to-handler review: admin-only root policy, fixed command/service allowlists, validated identifiers/CIDRs/settings, bound SQL, scoped IP ownership, root-controlled configuration/credential files, OLS no-store reveal, sandboxed template preview. 247 route/service/whitelist, 81 network, 23 dispatch/reconcile, 77 lifecycle/package, 57 mailqueue/template/IP/OLS, 36 monitor/audit tests; 251 audit-export/role tests. See SECURITY-AUDIT-REVIEW-2026-09-24.md for deployment and limitations."
route,POST /api/v1/mail-queue/flush,api/routers/mailqueue.py,flush_all,get_identity,reviewed-tested,"Manual router-to-handler review: admin-only root policy, fixed command/service allowlists, validated identifiers/CIDRs/settings, bound SQL, scoped IP ownership, root-controlled configuration/credential files, OLS no-store reveal, sandboxed template preview. 247 route/service/whitelist, 81 network, 23 dispatch/reconcile, 77 lifecycle/package, 57 mailqueue/template/IP/OLS, 36 monitor/audit tests; 251 audit-export/role tests. See SECURITY-AUDIT-REVIEW-2026-09-24.md for deployment and limitations."
route,POST /api/v1/mail-queue/{queue_id}/delete,api/routers/mailqueue.py,delete_one,get_identity,reviewed-tested,"Manual router-to-handler review: admin-only root policy, fixed command/service allowlists, validated identifiers/CIDRs/settings, bound SQL, scoped IP ownership, root-controlled configuration/credential files, OLS no-store reveal, sandboxed template preview. 247 route/service/whitelist, 81 network, 23 dispatch/reconcile, 77 lifecycle/package, 57 mailqueue/template/IP/OLS, 36 monitor/audit tests; 251 audit-export/role tests. See SECURITY-AUDIT-REVIEW-2026-09-24.md for deployment and limitations."
route,POST /api/v1/mail-queue/{queue_id}/flush,api/routers/mailqueue.py,flush_one,get_identity,reviewed-tested,"Manual router-to-handler review: admin-only root policy, fixed command/service allowlists, validated identifiers/CIDRs/settings, bound SQL, scoped IP ownership, root-controlled configuration/credential files, OLS no-store reveal, sandboxed template preview. 247 route/service/whitelist, 81 network, 23 dispatch/reconcile, 77 lifecycle/package, 57 mailqueue/template/IP/OLS, 36 monitor/audit tests; 251 audit-export/role tests. See SECURITY-AUDIT-REVIEW-2026-09-24.md for deployment and limitations."
route,POST /api/v1/mail/domains,api/routers/mail.py,create_mail_domain,get_identity,reviewed-fixed,mail lifecycle hardening: 63 mail/mutation/RPC-authority tests; VM canary forced post-create cache failures and verified external mail domain/mailbox/maildir/cache cleanup; no-owner domain create now fails before external create; primary handlers_mail.py hash matches and boron-provisiond active
route,POST /api/v1/mail/mailboxes,api/routers/mail.py,create_mailbox,get_identity,reviewed-fixed,mail lifecycle hardening: 63 mail/mutation/RPC-authority tests; VM canary forced post-create cache failures and verified external mail domain/mailbox/maildir/cache cleanup; no-owner domain create now fails before external create; primary handlers_mail.py hash matches and boron-provisiond active
route,POST /api/v1/mysql/slow-queries/bootstrap,api/routers/slowquery.py,bootstrap,get_identity,reviewed-tested,"Manual router-to-handler review: admin-only root policy, fixed command/service allowlists, validated identifiers/CIDRs/settings, bound SQL, scoped IP ownership, root-controlled configuration/credential files, OLS no-store reveal, sandboxed template preview. 247 route/service/whitelist, 81 network, 23 dispatch/reconcile, 77 lifecycle/package, 57 mailqueue/template/IP/OLS, 36 monitor/audit tests; 251 audit-export/role tests. See SECURITY-AUDIT-REVIEW-2026-09-24.md for deployment and limitations."
route,POST /api/v1/reseller/accounts,api/routers/resellers.py,create_account,get_identity,reviewed-tested,SECURITY-AUDIT-REVIEW-2026-09-24.md; lifecycle-dns-review-tests.log (140 passed); outbound-security-tests.log (227 passed); root RPC role/ownership matrix. Deployment acceptance separate.
route,POST /api/v1/reseller/accounts/{username}/{action},api/routers/resellers.py,lifecycle,get_identity,reviewed-tested,SECURITY-AUDIT-REVIEW-2026-09-24.md; lifecycle-dns-review-tests.log (140 passed); outbound-security-tests.log (227 passed); root RPC role/ownership matrix. Deployment acceptance separate.
route,POST /api/v1/security/ip-whitelist,api/routers/ipwhitelist.py,add_entry,get_identity,reviewed-tested,"Manual router-to-handler review: admin-only root policy, fixed command/service allowlists, validated identifiers/CIDRs/settings, bound SQL, scoped IP ownership, root-controlled configuration/credential files, OLS no-store reveal, sandboxed template preview. 247 route/service/whitelist, 81 network, 23 dispatch/reconcile, 77 lifecycle/package, 57 mailqueue/template/IP/OLS, 36 monitor/audit tests; 251 audit-export/role tests. See SECURITY-AUDIT-REVIEW-2026-09-24.md for deployment and limitations."
route,POST /api/v1/services/{service}/{action},api/routers/services.py,control_service,get_identity,reviewed-tested,"Manual router-to-handler review: admin-only root policy, fixed command/service allowlists, validated identifiers/CIDRs/settings, bound SQL, scoped IP ownership, root-controlled configuration/credential files, OLS no-store reveal, sandboxed template preview. 247 route/service/whitelist, 81 network, 23 dispatch/reconcile, 77 lifecycle/package, 57 mailqueue/template/IP/OLS, 36 monitor/audit tests; 251 audit-export/role tests. See SECURITY-AUDIT-REVIEW-2026-09-24.md for deployment and limitations."
route,POST /api/v1/ssl/issue,api/routers/ssl_router.py,issue_certificate,get_identity,reviewed-fixed,"Source review plus 41 SSL tests, 8 final real-VM ACME hook tests, actual hosted/webmail HTTP challenge success/cleanup, locked idempotent renewal migration on both servers; 47 VM reporting tests, 24 focused parser/ownership cases, 25 HTTP/root scope cases. See SECURITY-AUDIT-REVIEW-2026-09-24.md for resource budgets and limitations."
route,POST /api/v1/tokens,api/routers/tokens.py,create_token,get_identity,reviewed-fixed,"auth/session/TOTP/RPC authority: 82 focused tests passed; hashed sessions, root-side login protocol, token admin checks, TOTP replay/recovery serialization, live VM login smoke"
route,POST /api/v1/waf/custom-rules,api/routers/waf.py,add_custom_rule,get_identity,reviewed-fixed,BSA-2026-072; administrator-only controls; waf-file-transaction-tests.log
route,POST /api/v1/waf/domain-override,api/routers/waf.py,set_domain_override,get_identity,reviewed-fixed,BSA-2026-072; administrator-only controls; waf-file-transaction-tests.log
route,POST /api/v1/waf/enable,api/routers/waf.py,set_enabled,get_identity,reviewed-fixed,BSA-2026-072; administrator-only controls; waf-file-transaction-tests.log
route,POST /api/v1/wordpress/scan,api/routers/wordpress.py,scan_installations,get_identity,pending,
route,POST /change-password,api/routers/auth.py,change_password_submit,get_identity,reviewed-fixed,"auth/session/TOTP/RPC authority: 82 focused tests passed; hashed sessions, root-side login protocol, token admin checks, TOTP replay/recovery serialization, live VM login smoke"
route,POST /files,api/routers/filebrowser.py,proxy,manual-auth-inside-handler,reviewed-fixed,BSA-2026-030/BSA-2026-036; 46547ff/112ed30/b8ec15d; 92+43 focused tests; VM own/cross-account/write and hostile-backend canaries; Chromium HTML/SVG isolation; primary smoke
route,POST /files/{path:path},api/routers/filebrowser.py,proxy,manual-auth-inside-handler,reviewed-fixed,BSA-2026-030/BSA-2026-036; 46547ff/112ed30/b8ec15d; 92+43 focused tests; VM own/cross-account/write and hostile-backend canaries; Chromium HTML/SVG isolation; primary smoke
route,POST /login,api/routers/auth.py,login_submit,,reviewed-public,public login endpoints reviewed: public-route inventory plus 82 auth/session/TOTP/RPC authority tests; cross-origin form guard and root-side login protocol
route,POST /login/2fa,api/routers/auth.py,login_2fa_submit,,reviewed-public,public login endpoints reviewed: public-route inventory plus 82 auth/session/TOTP/RPC authority tests; cross-origin form guard and root-side login protocol
route,POST /logout,api/routers/auth.py,logout,get_identity,reviewed-fixed,"auth/session/TOTP/RPC authority: 82 focused tests passed; hashed sessions, root-side login protocol, token admin checks, TOTP replay/recovery serialization, live VM login smoke"
route,PUT /api/v1/accounts/{username}/crons/{job_id},api/routers/cron.py,update_cron,get_identity,reviewed-tested,SECURITY-AUDIT-REVIEW-2026-09-24.md; lifecycle-dns-review-tests.log (140 passed); outbound-security-tests.log (227 passed); root RPC role/ownership matrix. Deployment acceptance separate.
route,PUT /api/v1/accounts/{username}/domains/{domain}/error-pages/{code},api/routers/errorpages.py,set_error_page,get_identity,reviewed-fixed,Shared no-follow file/tenant ACL fix; sandboxed HTML preview; test_feature_scope_review.py; test_custom_pages.py; Chromium error-preview-security.spec.js normal CSP and bypassCSP cases passed
route,PUT /api/v1/accounts/{username}/domains/{domain}/forwarding,api/routers/forwarding.py,set_forwarding,get_identity,reviewed-tested,"Source: account/domain binding, row scopes, redirect/status/CIDR/allowlist validation, OLS rule interpolation, escaped maintenance HTML, generated bypass token and private custom-page writer; 204 grouped route/policy/domain tests. Failed OLS applies return errors; DB retains desired settings (not a claim of transactional rollback)."
route,PUT /api/v1/accounts/{username}/domains/{domain}/lscache,api/routers/lscache_router.py,set_lscache,get_identity,reviewed-fixed,BSA-2026-071; authenticated account/domain access; cache-waf-review.log
route,PUT /api/v1/accounts/{username}/domains/{domain}/nameservers,api/routers/nameservers.py,set_nameservers,get_identity,reviewed-tested,SECURITY-AUDIT-REVIEW-2026-09-24.md; final-auth-boundaries.log (76 passed); notification-mfa-review.log (273 passed); lifecycle-dns-review-tests.log (140 passed); explicit role/owner checks reviewed.
route,PUT /api/v1/accounts/{username}/domains/{domain}/redirects,api/routers/redirects.py,update_redirect,get_identity,reviewed-tested,"Source: account/domain binding, row scopes, redirect/status/CIDR/allowlist validation, OLS rule interpolation, escaped maintenance HTML, generated bypass token and private custom-page writer; 204 grouped route/policy/domain tests. Failed OLS applies return errors; DB retains desired settings (not a claim of transactional rollback)."
route,PUT /api/v1/accounts/{username}/php-extensions,api/routers/php_ini.py,set_php_extensions,get_identity,reviewed-tested,SECURITY-AUDIT-REVIEW-2026-09-24.md; scanner-cloudflare-review.log (119 passed); php-extension-path-security.log (25 passed); old PHP path escape reproduced in isolated fixture. Root ownership policies and role checks reviewed; final release gate separate.
route,PUT /api/v1/admin/accounts/{username}/php-functions,api/routers/php_functions.py,set_override,get_identity,reviewed-tested,SECURITY-AUDIT-REVIEW-2026-09-24.md; scanner-cloudflare-review.log (119 passed); php-extension-path-security.log (25 passed); old PHP path escape reproduced in isolated fixture. Root ownership policies and role checks reviewed; final release gate separate.
route,PUT /api/v1/admin/ip-management/accounts/{username},api/routers/ipmanager.py,assign_account,get_identity,reviewed-tested,"Manual router-to-handler review: admin-only root policy, fixed command/service allowlists, validated identifiers/CIDRs/settings, bound SQL, scoped IP ownership, root-controlled configuration/credential files, OLS no-store reveal, sandboxed template preview. 247 route/service/whitelist, 81 network, 23 dispatch/reconcile, 77 lifecycle/package, 57 mailqueue/template/IP/OLS, 36 monitor/audit tests; 251 audit-export/role tests. See SECURITY-AUDIT-REVIEW-2026-09-24.md for deployment and limitations."
route,PUT /api/v1/admin/ip-management/ips/{ip_id},api/routers/ipmanager.py,update_ip,get_identity,reviewed-tested,"Manual router-to-handler review: admin-only root policy, fixed command/service allowlists, validated identifiers/CIDRs/settings, bound SQL, scoped IP ownership, root-controlled configuration/credential files, OLS no-store reveal, sandboxed template preview. 247 route/service/whitelist, 81 network, 23 dispatch/reconcile, 77 lifecycle/package, 57 mailqueue/template/IP/OLS, 36 monitor/audit tests; 251 audit-export/role tests. See SECURITY-AUDIT-REVIEW-2026-09-24.md for deployment and limitations."
route,PUT /api/v1/admin/ip-management/policy,api/routers/ipmanager.py,set_policy,get_identity,reviewed-tested,"Manual router-to-handler review: admin-only root policy, fixed command/service allowlists, validated identifiers/CIDRs/settings, bound SQL, scoped IP ownership, root-controlled configuration/credential files, OLS no-store reveal, sandboxed template preview. 247 route/service/whitelist, 81 network, 23 dispatch/reconcile, 77 lifecycle/package, 57 mailqueue/template/IP/OLS, 36 monitor/audit tests; 251 audit-export/role tests. See SECURITY-AUDIT-REVIEW-2026-09-24.md for deployment and limitations."
route,PUT /api/v1/admin/openlitespeed/settings,api/routers/olsadmin.py,update_settings,get_identity,reviewed-tested,"Manual router-to-handler review: admin-only root policy, fixed command/service allowlists, validated identifiers/CIDRs/settings, bound SQL, scoped IP ownership, root-controlled configuration/credential files, OLS no-store reveal, sandboxed template preview. 247 route/service/whitelist, 81 network, 23 dispatch/reconcile, 77 lifecycle/package, 57 mailqueue/template/IP/OLS, 36 monitor/audit tests; 251 audit-export/role tests. See SECURITY-AUDIT-REVIEW-2026-09-24.md for deployment and limitations."
route,PUT /api/v1/admin/resellers/plans/{plan_id},api/routers/resellers.py,update_plan,get_identity,reviewed-tested,SECURITY-AUDIT-REVIEW-2026-09-24.md; lifecycle-dns-review-tests.log (140 passed); outbound-security-tests.log (227 passed); root RPC role/ownership matrix. Deployment acceptance separate.
route,PUT /api/v1/admin/templates/suspended-page,api/routers/site_templates.py,set_suspended_page,get_identity,reviewed-tested,"Manual router-to-handler review: admin-only root policy, fixed command/service allowlists, validated identifiers/CIDRs/settings, bound SQL, scoped IP ownership, root-controlled configuration/credential files, OLS no-store reveal, sandboxed template preview. 247 route/service/whitelist, 81 network, 23 dispatch/reconcile, 77 lifecycle/package, 57 mailqueue/template/IP/OLS, 36 monitor/audit tests; 251 audit-export/role tests. See SECURITY-AUDIT-REVIEW-2026-09-24.md for deployment and limitations."
route,PUT /api/v1/admin/templates/suspension-designs,api/routers/site_templates.py,apply_suspension_design,get_identity,reviewed-tested,"Manual router-to-handler review: admin-only root policy, fixed command/service allowlists, validated identifiers/CIDRs/settings, bound SQL, scoped IP ownership, root-controlled configuration/credential files, OLS no-store reveal, sandboxed template preview. 247 route/service/whitelist, 81 network, 23 dispatch/reconcile, 77 lifecycle/package, 57 mailqueue/template/IP/OLS, 36 monitor/audit tests; 251 audit-export/role tests. See SECURITY-AUDIT-REVIEW-2026-09-24.md for deployment and limitations."
route,PUT /api/v1/admin/templates/welcome-email,api/routers/site_templates.py,set_welcome_email,get_identity,reviewed-tested,"Manual router-to-handler review: admin-only root policy, fixed command/service allowlists, validated identifiers/CIDRs/settings, bound SQL, scoped IP ownership, root-controlled configuration/credential files, OLS no-store reveal, sandboxed template preview. 247 route/service/whitelist, 81 network, 23 dispatch/reconcile, 77 lifecycle/package, 57 mailqueue/template/IP/OLS, 36 monitor/audit tests; 251 audit-export/role tests. See SECURITY-AUDIT-REVIEW-2026-09-24.md for deployment and limitations."
route,PUT /api/v1/backups/snapshots/policies/{policy_id},api/routers/backups.py,snapshot_update_policy,get_identity,pending,
route,PUT /api/v1/dns/zones/{domain}/records,api/routers/dns.py,set_record,get_identity,pending,
route,PUT /files,api/routers/filebrowser.py,proxy,manual-auth-inside-handler,reviewed-fixed,BSA-2026-030/BSA-2026-036; 46547ff/112ed30/b8ec15d; 92+43 focused tests; VM own/cross-account/write and hostile-backend canaries; Chromium HTML/SVG isolation; primary smoke
route,PUT /files/{path:path},api/routers/filebrowser.py,proxy,manual-auth-inside-handler,reviewed-fixed,BSA-2026-030/BSA-2026-036; 46547ff/112ed30/b8ec15d; 92+43 focused tests; VM own/cross-account/write and hostile-backend canaries; Chromium HTML/SVG isolation; primary smoke
route,WEBSOCKET /ws/accounts/{username}/terminal,api/routers/terminal.py,terminal_ws,manual-auth-inside-handler,reviewed-fixed,"terminal local-only key hardening: 44 focused terminal/RPC-authority tests; VM real sshd canary proved localhost generated-key login, public-host key rejection by sshd from= restriction, close removed key; primary hashes deployed"
rpc,account.create,daemon/handlers_account.py,create_account,kernel-peer-uid; root-credential; policy=global_admin,pending,
rpc,account.get,daemon/handlers_account.py,get_account,kernel-peer-uid; root-credential; policy=account_username,pending,
rpc,account.list,daemon/handlers_account.py,list_accounts,kernel-peer-uid; root-credential; policy=global_admin,pending,
rpc,account.reactivate,daemon/handlers_account.py,reactivate_account,kernel-peer-uid; root-credential; policy=root_internal,pending,
rpc,account.rename,daemon/identity_admin.py,rename_account,kernel-peer-uid; root-credential; policy=global_admin,reviewed-tested,"Admin policy, username/domain validation, retained UID on rename and rollback; remaining-admin-mail-review.log:51 passed"
rpc,account.set_contact_email,daemon/identity_admin.py,set_contact_email,kernel-peer-uid; root-credential; policy=global_admin,reviewed-tested,"Admin policy, username/domain validation, retained UID on rename and rollback; remaining-admin-mail-review.log:51 passed"
rpc,account.set_limits,daemon/handlers_account.py,set_limits,kernel-peer-uid; root-credential; policy=global_admin,pending,
rpc,account.set_password,daemon/identity_admin.py,set_account_password,kernel-peer-uid; root-credential; policy=admin_account_username,reviewed-tested,"Admin policy, username/domain validation, retained UID on rename and rollback; remaining-admin-mail-review.log:51 passed"
rpc,account.set_php_version,daemon/handlers_account.py,set_php_version,kernel-peer-uid; root-credential; policy=account_username,pending,
rpc,account.set_primary_domain,daemon/identity_admin.py,set_primary_domain,kernel-peer-uid; root-credential; policy=global_admin,reviewed-tested,"Admin policy, username/domain validation, retained UID on rename and rollback; remaining-admin-mail-review.log:51 passed"
rpc,account.suspend,daemon/handlers_account.py,suspend_account,kernel-peer-uid; root-credential; policy=global_admin,pending,
rpc,account.terminate,daemon/handlers_account.py,terminate_account,kernel-peer-uid; root-credential; policy=global_admin,pending,
rpc,account.unsuspend,daemon/handlers_account.py,unsuspend_account,kernel-peer-uid; root-credential; policy=global_admin,pending,
rpc,apps.install.get,daemon/appinstaller.py,get_job,kernel-peer-uid; root-credential; policy=account_and_domain,pending,
rpc,apps.install.trigger,daemon/appinstaller.py,trigger_install,kernel-peer-uid; root-credential; policy=account_and_domain,pending,
rpc,apps.list,daemon/appinstaller.py,list_installed_apps,kernel-peer-uid; root-credential; policy=account_and_domain,pending,
rpc,apps.node.create,daemon/nodeapps.py,create_app,kernel-peer-uid; root-credential; policy=account_username,reviewed-fixed,"Source: account/app ID binding, command UID, validators, root-owned unit/env, BEGIN IMMEDIATE shared port allocation, encrypted environment and teardown; bbe5cbe/3a309e9; 66 application plus 40 command tests; 204 grouped route/policy/domain tests; real Redis socket UID canary. Generated-unit log canary recorded under BSA-2026-048."
rpc,apps.node.delete,daemon/nodeapps.py,delete_app,kernel-peer-uid; root-credential; policy=account_username,reviewed-fixed,"Source: account/app ID binding, command UID, validators, root-owned unit/env, BEGIN IMMEDIATE shared port allocation, encrypted environment and teardown; bbe5cbe/3a309e9; 66 application plus 40 command tests; 204 grouped route/policy/domain tests; real Redis socket UID canary. Generated-unit log canary recorded under BSA-2026-048."
rpc,apps.node.get,daemon/nodeapps.py,get_app,kernel-peer-uid; root-credential; policy=account_username,reviewed-fixed,"Source: account/app ID binding, command UID, validators, root-owned unit/env, BEGIN IMMEDIATE shared port allocation, encrypted environment and teardown; bbe5cbe/3a309e9; 66 application plus 40 command tests; 204 grouped route/policy/domain tests; real Redis socket UID canary. Generated-unit log canary recorded under BSA-2026-048."
rpc,apps.node.list,daemon/nodeapps.py,list_apps,kernel-peer-uid; root-credential; policy=account_username,reviewed-fixed,"Source: account/app ID binding, command UID, validators, root-owned unit/env, BEGIN IMMEDIATE shared port allocation, encrypted environment and teardown; bbe5cbe/3a309e9; 66 application plus 40 command tests; 204 grouped route/policy/domain tests; real Redis socket UID canary. Generated-unit log canary recorded under BSA-2026-048."
rpc,apps.node.logs,daemon/nodeapps.py,get_logs,kernel-peer-uid; root-credential; policy=account_username,reviewed-fixed,"Source: account/app ID binding, command UID, validators, root-owned unit/env, BEGIN IMMEDIATE shared port allocation, encrypted environment and teardown; bbe5cbe/3a309e9; 66 application plus 40 command tests; 204 grouped route/policy/domain tests; real Redis socket UID canary. Generated-unit log canary recorded under BSA-2026-048."
rpc,apps.node.npm_install,daemon/nodeapps.py,npm_install,kernel-peer-uid; root-credential; policy=account_username,reviewed-fixed,"Source: account/app ID binding, command UID, validators, root-owned unit/env, BEGIN IMMEDIATE shared port allocation, encrypted environment and teardown; bbe5cbe/3a309e9; 66 application plus 40 command tests; 204 grouped route/policy/domain tests; real Redis socket UID canary. Generated-unit log canary recorded under BSA-2026-048."
rpc,apps.node.restart,daemon/nodeapps.py,restart_app,kernel-peer-uid; root-credential; policy=account_username,reviewed-fixed,"Source: account/app ID binding, command UID, validators, root-owned unit/env, BEGIN IMMEDIATE shared port allocation, encrypted environment and teardown; bbe5cbe/3a309e9; 66 application plus 40 command tests; 204 grouped route/policy/domain tests; real Redis socket UID canary. Generated-unit log canary recorded under BSA-2026-048."
rpc,apps.node.start,daemon/nodeapps.py,start_app,kernel-peer-uid; root-credential; policy=account_username,reviewed-fixed,"Source: account/app ID binding, command UID, validators, root-owned unit/env, BEGIN IMMEDIATE shared port allocation, encrypted environment and teardown; bbe5cbe/3a309e9; 66 application plus 40 command tests; 204 grouped route/policy/domain tests; real Redis socket UID canary. Generated-unit log canary recorded under BSA-2026-048."
rpc,apps.node.stop,daemon/nodeapps.py,stop_app,kernel-peer-uid; root-credential; policy=account_username,reviewed-fixed,"Source: account/app ID binding, command UID, validators, root-owned unit/env, BEGIN IMMEDIATE shared port allocation, encrypted environment and teardown; bbe5cbe/3a309e9; 66 application plus 40 command tests; 204 grouped route/policy/domain tests; real Redis socket UID canary. Generated-unit log canary recorded under BSA-2026-048."
rpc,apps.node.update,daemon/nodeapps.py,update_app,kernel-peer-uid; root-credential; policy=account_username,reviewed-fixed,"Source: account/app ID binding, command UID, validators, root-owned unit/env, BEGIN IMMEDIATE shared port allocation, encrypted environment and teardown; bbe5cbe/3a309e9; 66 application plus 40 command tests; 204 grouped route/policy/domain tests; real Redis socket UID canary. Generated-unit log canary recorded under BSA-2026-048."
rpc,apps.python.create,daemon/pythonapps.py,create_app,kernel-peer-uid; root-credential; policy=account_username,reviewed-fixed,"Source: account/app ID binding, command UID, validators, root-owned unit/env, BEGIN IMMEDIATE shared port allocation, encrypted environment and teardown; bbe5cbe/3a309e9; 66 application plus 40 command tests; 204 grouped route/policy/domain tests; real Redis socket UID canary. Generated-unit log canary recorded under BSA-2026-048."
rpc,apps.python.delete,daemon/pythonapps.py,delete_app,kernel-peer-uid; root-credential; policy=account_username,reviewed-fixed,"Source: account/app ID binding, command UID, validators, root-owned unit/env, BEGIN IMMEDIATE shared port allocation, encrypted environment and teardown; bbe5cbe/3a309e9; 66 application plus 40 command tests; 204 grouped route/policy/domain tests; real Redis socket UID canary. Generated-unit log canary recorded under BSA-2026-048."
rpc,apps.python.get,daemon/pythonapps.py,get_app,kernel-peer-uid; root-credential; policy=account_username,reviewed-fixed,"Source: account/app ID binding, command UID, validators, root-owned unit/env, BEGIN IMMEDIATE shared port allocation, encrypted environment and teardown; bbe5cbe/3a309e9; 66 application plus 40 command tests; 204 grouped route/policy/domain tests; real Redis socket UID canary. Generated-unit log canary recorded under BSA-2026-048."
rpc,apps.python.list,daemon/pythonapps.py,list_apps,kernel-peer-uid; root-credential; policy=account_username,reviewed-fixed,"Source: account/app ID binding, command UID, validators, root-owned unit/env, BEGIN IMMEDIATE shared port allocation, encrypted environment and teardown; bbe5cbe/3a309e9; 66 application plus 40 command tests; 204 grouped route/policy/domain tests; real Redis socket UID canary. Generated-unit log canary recorded under BSA-2026-048."
rpc,apps.python.logs,daemon/pythonapps.py,get_logs,kernel-peer-uid; root-credential; policy=account_username,reviewed-fixed,"Source: account/app ID binding, command UID, validators, root-owned unit/env, BEGIN IMMEDIATE shared port allocation, encrypted environment and teardown; bbe5cbe/3a309e9; 66 application plus 40 command tests; 204 grouped route/policy/domain tests; real Redis socket UID canary. Generated-unit log canary recorded under BSA-2026-048."
rpc,apps.python.pip_install,daemon/pythonapps.py,pip_install,kernel-peer-uid; root-credential; policy=account_username,reviewed-fixed,"Source: account/app ID binding, command UID, validators, root-owned unit/env, BEGIN IMMEDIATE shared port allocation, encrypted environment and teardown; bbe5cbe/3a309e9; 66 application plus 40 command tests; 204 grouped route/policy/domain tests; real Redis socket UID canary. Generated-unit log canary recorded under BSA-2026-048."
rpc,apps.python.restart,daemon/pythonapps.py,restart_app,kernel-peer-uid; root-credential; policy=account_username,reviewed-fixed,"Source: account/app ID binding, command UID, validators, root-owned unit/env, BEGIN IMMEDIATE shared port allocation, encrypted environment and teardown; bbe5cbe/3a309e9; 66 application plus 40 command tests; 204 grouped route/policy/domain tests; real Redis socket UID canary. Generated-unit log canary recorded under BSA-2026-048."
rpc,apps.python.start,daemon/pythonapps.py,start_app,kernel-peer-uid; root-credential; policy=account_username,reviewed-fixed,"Source: account/app ID binding, command UID, validators, root-owned unit/env, BEGIN IMMEDIATE shared port allocation, encrypted environment and teardown; bbe5cbe/3a309e9; 66 application plus 40 command tests; 204 grouped route/policy/domain tests; real Redis socket UID canary. Generated-unit log canary recorded under BSA-2026-048."
rpc,apps.python.stop,daemon/pythonapps.py,stop_app,kernel-peer-uid; root-credential; policy=account_username,reviewed-fixed,"Source: account/app ID binding, command UID, validators, root-owned unit/env, BEGIN IMMEDIATE shared port allocation, encrypted environment and teardown; bbe5cbe/3a309e9; 66 application plus 40 command tests; 204 grouped route/policy/domain tests; real Redis socket UID canary. Generated-unit log canary recorded under BSA-2026-048."
rpc,apps.python.update,daemon/pythonapps.py,update_app,kernel-peer-uid; root-credential; policy=account_username,reviewed-fixed,"Source: account/app ID binding, command UID, validators, root-owned unit/env, BEGIN IMMEDIATE shared port allocation, encrypted environment and teardown; bbe5cbe/3a309e9; 66 application plus 40 command tests; 204 grouped route/policy/domain tests; real Redis socket UID canary. Generated-unit log canary recorded under BSA-2026-048."
rpc,auth.check_login_lockout,daemon/handlers_auth.py,check_login_lockout,kernel-peer-uid; root-credential; policy=root_internal_replace_with_login_protocol,reviewed-fixed,"auth/session/TOTP/RPC authority: 82 focused tests passed; hashed sessions, root-side login protocol, token admin checks, TOTP replay/recovery serialization, live VM login smoke"
rpc,auth.create_api_token,daemon/handlers_auth.py,create_api_token,kernel-peer-uid; root-credential; policy=global_admin,reviewed-fixed,"auth/session/TOTP/RPC authority: 82 focused tests passed; hashed sessions, root-side login protocol, token admin checks, TOTP replay/recovery serialization, live VM login smoke"
rpc,auth.create_session,daemon/handlers_auth.py,create_session,kernel-peer-uid; root-credential; policy=root_internal_replace_with_login_protocol,reviewed-fixed,"auth/session/TOTP/RPC authority: 82 focused tests passed; hashed sessions, root-side login protocol, token admin checks, TOTP replay/recovery serialization, live VM login smoke"
rpc,auth.login.begin,daemon/handlers_auth.py,login_begin,kernel-peer-uid; root-credential; policy=login_protocol,reviewed-fixed,"auth/session/TOTP/RPC authority: 82 focused tests passed; hashed sessions, root-side login protocol, token admin checks, TOTP replay/recovery serialization, live VM login smoke"
rpc,auth.login.finish,daemon/handlers_auth.py,login_finish,kernel-peer-uid; root-credential; policy=login_protocol,reviewed-fixed,"auth/session/TOTP/RPC authority: 82 focused tests passed; hashed sessions, root-side login protocol, token admin checks, TOTP replay/recovery serialization, live VM login smoke"
rpc,auth.record_login_result,daemon/handlers_auth.py,record_login_result,kernel-peer-uid; root-credential; policy=root_internal_replace_with_login_protocol,reviewed-fixed,"auth/session/TOTP/RPC authority: 82 focused tests passed; hashed sessions, root-side login protocol, token admin checks, TOTP replay/recovery serialization, live VM login smoke"
rpc,auth.revoke_api_token,daemon/handlers_auth.py,revoke_api_token,kernel-peer-uid; root-credential; policy=global_admin,reviewed-fixed,"auth/session/TOTP/RPC authority: 82 focused tests passed; hashed sessions, root-side login protocol, token admin checks, TOTP replay/recovery serialization, live VM login smoke"
rpc,auth.revoke_session,daemon/handlers_auth.py,revoke_session,kernel-peer-uid; root-credential; policy=current_session_self,reviewed-fixed,"auth/session/TOTP/RPC authority: 82 focused tests passed; hashed sessions, root-side login protocol, token admin checks, TOTP replay/recovery serialization, live VM login smoke"
rpc,backup.destination.create,daemon/backup.py,create_destination,kernel-peer-uid; root-credential; policy=global_admin,reviewed-fixed,BSA-2026-080: full backup module source review; tests/test_backup.py 58 passed; tests/test_procutil.py 9 passed; VM backup-path acceptance canaries preserved root-only files and verified tenant archive I/O.
rpc,backup.destination.delete,daemon/backup.py,delete_destination,kernel-peer-uid; root-credential; policy=global_admin,reviewed-fixed,BSA-2026-080: full backup module source review; tests/test_backup.py 58 passed; tests/test_procutil.py 9 passed; VM backup-path acceptance canaries preserved root-only files and verified tenant archive I/O.
rpc,backup.destination.list,daemon/backup.py,list_destinations,kernel-peer-uid; root-credential; policy=mixed_admin_or_account,reviewed-fixed,BSA-2026-080: full backup module source review; tests/test_backup.py 58 passed; tests/test_procutil.py 9 passed; VM backup-path acceptance canaries preserved root-only files and verified tenant archive I/O.
rpc,backup.job.browse,daemon/backup.py,browse_backup,kernel-peer-uid; root-credential; policy=account_username,reviewed-fixed,BSA-2026-080: full backup module source review; tests/test_backup.py 58 passed; tests/test_procutil.py 9 passed; VM backup-path acceptance canaries preserved root-only files and verified tenant archive I/O.
rpc,backup.job.get,daemon/backup.py,get_job,kernel-peer-uid; root-credential; policy=account_username,reviewed-fixed,BSA-2026-080: full backup module source review; tests/test_backup.py 58 passed; tests/test_procutil.py 9 passed; VM backup-path acceptance canaries preserved root-only files and verified tenant archive I/O.
rpc,backup.job.list,daemon/backup.py,list_jobs,kernel-peer-uid; root-credential; policy=mixed_admin_or_account,reviewed-fixed,BSA-2026-080: full backup module source review; tests/test_backup.py 58 passed; tests/test_procutil.py 9 passed; VM backup-path acceptance canaries preserved root-only files and verified tenant archive I/O.
rpc,backup.job.trigger,daemon/backup.py,trigger_backup,kernel-peer-uid; root-credential; policy=account_username,reviewed-fixed,BSA-2026-080: full backup module source review; tests/test_backup.py 58 passed; tests/test_procutil.py 9 passed; VM backup-path acceptance canaries preserved root-only files and verified tenant archive I/O.
rpc,backup.restore.get,daemon/backup.py,get_restore_job,kernel-peer-uid; root-credential; policy=account_row_owner_restore_job,reviewed-fixed,BSA-2026-080: full backup module source review; tests/test_backup.py 58 passed; tests/test_procutil.py 9 passed; VM backup-path acceptance canaries preserved root-only files and verified tenant archive I/O.
rpc,backup.restore.list,daemon/backup.py,list_restore_jobs,kernel-peer-uid; root-credential; policy=account_username,reviewed-fixed,BSA-2026-080: full backup module source review; tests/test_backup.py 58 passed; tests/test_procutil.py 9 passed; VM backup-path acceptance canaries preserved root-only files and verified tenant archive I/O.
rpc,backup.restore.trigger,daemon/backup.py,trigger_restore,kernel-peer-uid; root-credential; policy=account_username,reviewed-fixed,BSA-2026-080: full backup module source review; tests/test_backup.py 58 passed; tests/test_procutil.py 9 passed; VM backup-path acceptance canaries preserved root-only files and verified tenant archive I/O.
rpc,backup.schedule.list,daemon/backup.py,list_schedules,kernel-peer-uid; root-credential; policy=global_admin,reviewed-fixed,BSA-2026-080: full backup module source review; tests/test_backup.py 58 passed; tests/test_procutil.py 9 passed; VM backup-path acceptance canaries preserved root-only files and verified tenant archive I/O.
rpc,backup.schedule.set,daemon/backup.py,set_schedule,kernel-peer-uid; root-credential; policy=global_admin,reviewed-fixed,BSA-2026-080: full backup module source review; tests/test_backup.py 58 passed; tests/test_procutil.py 9 passed; VM backup-path acceptance canaries preserved root-only files and verified tenant archive I/O.
rpc,bandwidth.get,daemon/handlers_usage.py,get_bandwidth,kernel-peer-uid; root-credential; policy=account_username,reviewed-fixed,"Source review plus 41 SSL tests, 8 final real-VM ACME hook tests, actual hosted/webmail HTTP challenge success/cleanup, locked idempotent renewal migration on both servers; 47 VM reporting tests, 24 focused parser/ownership cases, 25 HTTP/root scope cases. See SECURITY-AUDIT-REVIEW-2026-09-24.md for resource budgets and limitations."
rpc,bandwidth.ranking,daemon/handlers_usage.py,get_bandwidth_ranking,kernel-peer-uid; root-credential; policy=global_admin,reviewed-fixed,"Source review plus 41 SSL tests, 8 final real-VM ACME hook tests, actual hosted/webmail HTTP challenge success/cleanup, locked idempotent renewal migration on both servers; 47 VM reporting tests, 24 focused parser/ownership cases, 25 HTTP/root scope cases. See SECURITY-AUDIT-REVIEW-2026-09-24.md for resource budgets and limitations."
rpc,branding.favicon.remove,daemon/branding.py,remove_favicon,kernel-peer-uid; root-credential; policy=global_admin,reviewed-fixed,"SVG allowlist, public asset response, admin-only mutation and fixed file paths; imap-branding-review.log"
rpc,branding.favicon.upload,daemon/branding.py,upload_favicon,kernel-peer-uid; root-credential; policy=global_admin,reviewed-fixed,"SVG allowlist, public asset response, admin-only mutation and fixed file paths; imap-branding-review.log"
rpc,branding.get,daemon/branding.py,get_settings,kernel-peer-uid; root-credential; policy=global_admin,reviewed-fixed,"SVG allowlist, public asset response, admin-only mutation and fixed file paths; imap-branding-review.log"
rpc,branding.logo.remove,daemon/branding.py,remove_logo,kernel-peer-uid; root-credential; policy=global_admin,reviewed-fixed,"SVG allowlist, public asset response, admin-only mutation and fixed file paths; imap-branding-review.log"
rpc,branding.logo.upload,daemon/branding.py,upload_logo,kernel-peer-uid; root-credential; policy=global_admin,reviewed-fixed,"SVG allowlist, public asset response, admin-only mutation and fixed file paths; imap-branding-review.log"
rpc,branding.set,daemon/branding.py,set_settings,kernel-peer-uid; root-credential; policy=global_admin,reviewed-fixed,"SVG allowlist, public asset response, admin-only mutation and fixed file paths; imap-branding-review.log"
rpc,bulk.get,daemon/bulkops.py,get_bulk_action,kernel-peer-uid; root-credential; policy=global_admin,reviewed-tested,"Global administrator only; pending-job guard, fixed actions, sequential stop on failure; remaining-admin-mail-review.log"
rpc,bulk.trigger,daemon/bulkops.py,trigger_bulk_action,kernel-peer-uid; root-credential; policy=global_admin,reviewed-tested,"Global administrator only; pending-job guard, fixed actions, sequential stop on failure; remaining-admin-mail-review.log"
rpc,cf.account_add,daemon/cloudflare_accounts.py,add_account,kernel-peer-uid; root-credential; policy=global_admin,reviewed-tested,SECURITY-AUDIT-REVIEW-2026-09-24.md; scanner-cloudflare-review.log (119 passed); php-extension-path-security.log (25 passed); old PHP path escape reproduced in isolated fixture. Root ownership policies and role checks reviewed; final release gate separate.
rpc,cf.account_delete,daemon/cloudflare_accounts.py,delete_account,kernel-peer-uid; root-credential; policy=global_admin,reviewed-tested,"scanner-cloudflare-review.log:119 passed; token encryption, ownership and fixed upstream API reviewed"
rpc,cf.account_list,daemon/cloudflare_accounts.py,list_accounts,kernel-peer-uid; root-credential; policy=global_admin,reviewed-tested,SECURITY-AUDIT-REVIEW-2026-09-24.md; scanner-cloudflare-review.log (119 passed); php-extension-path-security.log (25 passed); old PHP path escape reproduced in isolated fixture. Root ownership policies and role checks reviewed; final release gate separate.
rpc,cf.account_set,daemon/cloudflare_accounts.py,set_account,kernel-peer-uid; root-credential; policy=global_admin,reviewed-tested,SECURITY-AUDIT-REVIEW-2026-09-24.md; scanner-cloudflare-review.log (119 passed); php-extension-path-security.log (25 passed); old PHP path escape reproduced in isolated fixture. Root ownership policies and role checks reviewed; final release gate separate.
rpc,cf.account_test,daemon/cloudflare_accounts.py,test_account,kernel-peer-uid; root-credential; policy=global_admin,reviewed-tested,SECURITY-AUDIT-REVIEW-2026-09-24.md; scanner-cloudflare-review.log (119 passed); php-extension-path-security.log (25 passed); old PHP path escape reproduced in isolated fixture. Root ownership policies and role checks reviewed; final release gate separate.
rpc,cf.bulk_migrate,daemon/cloudflare_ops.py,bulk_migrate,kernel-peer-uid; root-credential; policy=global_admin,reviewed-tested,SECURITY-AUDIT-REVIEW-2026-09-24.md; scanner-cloudflare-review.log (119 passed); php-extension-path-security.log (25 passed); old PHP path escape reproduced in isolated fixture. Root ownership policies and role checks reviewed; final release gate separate.
rpc,cf.bulk_purge,daemon/cloudflare_ops.py,bulk_purge,kernel-peer-uid; root-credential; policy=global_admin,reviewed-tested,SECURITY-AUDIT-REVIEW-2026-09-24.md; scanner-cloudflare-review.log (119 passed); php-extension-path-security.log (25 passed); old PHP path escape reproduced in isolated fixture. Root ownership policies and role checks reviewed; final release gate separate.
rpc,cf.enable_proxy,daemon/cloudflare_ops.py,enable_proxy,kernel-peer-uid; root-credential; policy=domain_owner,reviewed-tested,"scanner-cloudflare-review.log:119 passed; DNS ownership, serialization and upstream scope reviewed"
rpc,cf.health,daemon/cloudflare_ops.py,health,kernel-peer-uid; root-credential; policy=global_admin,reviewed-tested,SECURITY-AUDIT-REVIEW-2026-09-24.md; scanner-cloudflare-review.log (119 passed); php-extension-path-security.log (25 passed); old PHP path escape reproduced in isolated fixture. Root ownership policies and role checks reviewed; final release gate separate.
rpc,cf.lockdown,daemon/cloudflare_ops.py,lockdown,kernel-peer-uid; root-credential; policy=global_admin,reviewed-tested,SECURITY-AUDIT-REVIEW-2026-09-24.md; scanner-cloudflare-review.log (119 passed); php-extension-path-security.log (25 passed); old PHP path escape reproduced in isolated fixture. Root ownership policies and role checks reviewed; final release gate separate.
rpc,cf.purge_cache,daemon/cloudflare_ops.py,purge_cache,kernel-peer-uid; root-credential; policy=domain_owner,reviewed-tested,SECURITY-AUDIT-REVIEW-2026-09-24.md; scanner-cloudflare-review.log (119 passed); php-extension-path-security.log (25 passed); old PHP path escape reproduced in isolated fixture. Root ownership policies and role checks reviewed; final release gate separate.
rpc,cf.rails_status,daemon/cloudflare_ops.py,rails_status,kernel-peer-uid; root-credential; policy=global_admin,reviewed-tested,SECURITY-AUDIT-REVIEW-2026-09-24.md; scanner-cloudflare-review.log (119 passed); php-extension-path-security.log (25 passed); old PHP path escape reproduced in isolated fixture. Root ownership policies and role checks reviewed; final release gate separate.
rpc,cf.refresh_ranges,daemon/cloudflare_ops.py,refresh_ranges,kernel-peer-uid; root-credential; policy=global_admin,reviewed-tested,SECURITY-AUDIT-REVIEW-2026-09-24.md; scanner-cloudflare-review.log (119 passed); php-extension-path-security.log (25 passed); old PHP path escape reproduced in isolated fixture. Root ownership policies and role checks reviewed; final release gate separate.
rpc,cf.settings_get,daemon/cloudflare_ops.py,settings_get,kernel-peer-uid; root-credential; policy=global_admin,reviewed-tested,SECURITY-AUDIT-REVIEW-2026-09-24.md; scanner-cloudflare-review.log (119 passed); php-extension-path-security.log (25 passed); old PHP path escape reproduced in isolated fixture. Root ownership policies and role checks reviewed; final release gate separate.
rpc,cf.settings_set,daemon/cloudflare_ops.py,settings_set,kernel-peer-uid; root-credential; policy=global_admin,reviewed-tested,SECURITY-AUDIT-REVIEW-2026-09-24.md; scanner-cloudflare-review.log (119 passed); php-extension-path-security.log (25 passed); old PHP path escape reproduced in isolated fixture. Root ownership policies and role checks reviewed; final release gate separate.
rpc,cf.zone_disable,daemon/cloudflare_ops.py,zone_disable,kernel-peer-uid; root-credential; policy=domain_owner,reviewed-tested,"scanner-cloudflare-review.log:119 passed; DNS ownership, serialization and upstream scope reviewed"
rpc,cf.zone_enable,daemon/cloudflare_ops.py,zone_enable,kernel-peer-uid; root-credential; policy=domain_owner,reviewed-tested,"scanner-cloudflare-review.log:119 passed; DNS ownership, serialization and upstream scope reviewed"
rpc,cf.zone_status,daemon/cloudflare_ops.py,zone_status,kernel-peer-uid; root-credential; policy=domain_owner,reviewed-tested,"scanner-cloudflare-review.log:119 passed; DNS ownership, serialization and upstream scope reviewed"
rpc,cf.zones_overview,daemon/cloudflare_ops.py,zones_overview,kernel-peer-uid; root-credential; policy=global_admin,reviewed-tested,SECURITY-AUDIT-REVIEW-2026-09-24.md; scanner-cloudflare-review.log (119 passed); php-extension-path-security.log (25 passed); old PHP path escape reproduced in isolated fixture. Root ownership policies and role checks reviewed; final release gate separate.
rpc,composer.get,daemon/composerui.py,get_run,kernel-peer-uid; root-credential; policy=account_username,reviewed-tested,"wordpress-tools-review.log:57 passed; argv commands, package validation, tenant command worker"
rpc,composer.list,daemon/composerui.py,list_runs,kernel-peer-uid; root-credential; policy=account_username,reviewed-tested,"wordpress-tools-review.log:57 passed; argv commands, package validation, tenant command worker"
rpc,composer.run,daemon/composerui.py,run_composer,kernel-peer-uid; root-credential; policy=account_username,reviewed-tested,"wordpress-tools-review.log:57 passed; argv commands, package validation, tenant command worker"
rpc,cpanel_import.get,daemon/cpanel_import.py,get_job,kernel-peer-uid; root-credential; policy=global_admin,reviewed-fixed,BSA-2026-077/078: cPanel and portable import source review; import-boundary-tests.log 66 passed; import-link-cycle-test.log; VM import-path acceptance canaries.
rpc,cpanel_import.list,daemon/cpanel_import.py,list_jobs,kernel-peer-uid; root-credential; policy=global_admin,reviewed-fixed,BSA-2026-077/078: cPanel and portable import source review; import-boundary-tests.log 66 passed; import-link-cycle-test.log; VM import-path acceptance canaries.
rpc,cpanel_import.trigger,daemon/cpanel_import.py,trigger_import,kernel-peer-uid; root-credential; policy=global_admin,reviewed-fixed,BSA-2026-077/078: cPanel and portable import source review; import-boundary-tests.log 66 passed; import-link-cycle-test.log; VM import-path acceptance canaries.
rpc,cron.add,daemon/handlers_cron.py,add_cron_job,kernel-peer-uid; root-credential; policy=account_username,reviewed-tested,SECURITY-AUDIT-REVIEW-2026-09-24.md; lifecycle-dns-review-tests.log (140 passed); outbound-security-tests.log (227 passed); root RPC role/ownership matrix. Deployment acceptance separate.
rpc,cron.delete,daemon/handlers_cron.py,delete_cron_job,kernel-peer-uid; root-credential; policy=account_username,reviewed-tested,SECURITY-AUDIT-REVIEW-2026-09-24.md; lifecycle-dns-review-tests.log (140 passed); outbound-security-tests.log (227 passed); root RPC role/ownership matrix. Deployment acceptance separate.
rpc,cron.list,daemon/handlers_cron.py,list_cron_jobs,kernel-peer-uid; root-credential; policy=account_username,reviewed-tested,SECURITY-AUDIT-REVIEW-2026-09-24.md; lifecycle-dns-review-tests.log (140 passed); outbound-security-tests.log (227 passed); root RPC role/ownership matrix. Deployment acceptance separate.
rpc,cron.mailto.get,daemon/handlers_cron.py,get_cron_mailto,kernel-peer-uid; root-credential; policy=account_username,reviewed-tested,SECURITY-AUDIT-REVIEW-2026-09-24.md; lifecycle-dns-review-tests.log (140 passed); outbound-security-tests.log (227 passed); root RPC role/ownership matrix. Deployment acceptance separate.
rpc,cron.mailto.set,daemon/handlers_cron.py,set_cron_mailto,kernel-peer-uid; root-credential; policy=account_username,reviewed-tested,SECURITY-AUDIT-REVIEW-2026-09-24.md; lifecycle-dns-review-tests.log (140 passed); outbound-security-tests.log (227 passed); root RPC role/ownership matrix. Deployment acceptance separate.
rpc,cron.update,daemon/handlers_cron.py,update_cron_job,kernel-peer-uid; root-credential; policy=account_username,reviewed-tested,SECURITY-AUDIT-REVIEW-2026-09-24.md; lifecycle-dns-review-tests.log (140 passed); outbound-security-tests.log (227 passed); root RPC role/ownership matrix. Deployment acceptance separate.
rpc,db.change_password,daemon/handlers_database.py,change_password,kernel-peer-uid; root-credential; policy=account_username,reviewed-fixed,"database/FTP lifecycle hardening: 47 database/FTP/RPC-authority tests; VM canary forced post-create bookkeeping failures and external delete failures, proving created DB/FTP objects are cleaned up or rows retained for retry; primary hashes deployed"
rpc,db.create,daemon/handlers_database.py,create_database,kernel-peer-uid; root-credential; policy=account_username,reviewed-fixed,"database/FTP lifecycle hardening: 47 database/FTP/RPC-authority tests; VM canary forced post-create bookkeeping failures and external delete failures, proving created DB/FTP objects are cleaned up or rows retained for retry; primary hashes deployed"
rpc,db.drop,daemon/handlers_database.py,drop_database,kernel-peer-uid; root-credential; policy=account_username,reviewed-fixed,"database/FTP lifecycle hardening: 47 database/FTP/RPC-authority tests; VM canary forced post-create bookkeeping failures and external delete failures, proving created DB/FTP objects are cleaned up or rows retained for retry; primary hashes deployed"
rpc,db.list,daemon/handlers_database.py,list_databases,kernel-peer-uid; root-credential; policy=account_username,reviewed-fixed,"database/FTP lifecycle hardening: 47 database/FTP/RPC-authority tests; VM canary forced post-create bookkeeping failures and external delete failures, proving created DB/FTP objects are cleaned up or rows retained for retry; primary hashes deployed"
rpc,dbmonitor.bootstrap_kill_privilege,daemon/dbmonitor.py,bootstrap_kill_query_privilege,kernel-peer-uid; root-credential; policy=global_admin,reviewed-tested,"Manual router-to-handler review: admin-only root policy, fixed command/service allowlists, validated identifiers/CIDRs/settings, bound SQL, scoped IP ownership, root-controlled configuration/credential files, OLS no-store reveal, sandboxed template preview. 247 route/service/whitelist, 81 network, 23 dispatch/reconcile, 77 lifecycle/package, 57 mailqueue/template/IP/OLS, 36 monitor/audit tests; 251 audit-export/role tests. See SECURITY-AUDIT-REVIEW-2026-09-24.md for deployment and limitations."
rpc,dbmonitor.connections,daemon/server.py,<lambda>,kernel-peer-uid; root-credential; policy=global_admin,reviewed-tested,"Manual router-to-handler review: admin-only root policy, fixed command/service allowlists, validated identifiers/CIDRs/settings, bound SQL, scoped IP ownership, root-controlled configuration/credential files, OLS no-store reveal, sandboxed template preview. 247 route/service/whitelist, 81 network, 23 dispatch/reconcile, 77 lifecycle/package, 57 mailqueue/template/IP/OLS, 36 monitor/audit tests; 251 audit-export/role tests. See SECURITY-AUDIT-REVIEW-2026-09-24.md for deployment and limitations."
rpc,dbmonitor.db_sizes,daemon/server.py,<lambda>,kernel-peer-uid; root-credential; policy=global_admin,reviewed-tested,"Manual router-to-handler review: admin-only root policy, fixed command/service allowlists, validated identifiers/CIDRs/settings, bound SQL, scoped IP ownership, root-controlled configuration/credential files, OLS no-store reveal, sandboxed template preview. 247 route/service/whitelist, 81 network, 23 dispatch/reconcile, 77 lifecycle/package, 57 mailqueue/template/IP/OLS, 36 monitor/audit tests; 251 audit-export/role tests. See SECURITY-AUDIT-REVIEW-2026-09-24.md for deployment and limitations."
rpc,dbmonitor.kill_privilege_status,daemon/server.py,<lambda>,kernel-peer-uid; root-credential; policy=global_admin,reviewed-tested,"Manual router-to-handler review: admin-only root policy, fixed command/service allowlists, validated identifiers/CIDRs/settings, bound SQL, scoped IP ownership, root-controlled configuration/credential files, OLS no-store reveal, sandboxed template preview. 247 route/service/whitelist, 81 network, 23 dispatch/reconcile, 77 lifecycle/package, 57 mailqueue/template/IP/OLS, 36 monitor/audit tests; 251 audit-export/role tests. See SECURITY-AUDIT-REVIEW-2026-09-24.md for deployment and limitations."
rpc,dbmonitor.kill_query,daemon/server.py,<lambda>,kernel-peer-uid; root-credential; policy=global_admin,reviewed-tested,"Manual router-to-handler review: admin-only root policy, fixed command/service allowlists, validated identifiers/CIDRs/settings, bound SQL, scoped IP ownership, root-controlled configuration/credential files, OLS no-store reveal, sandboxed template preview. 247 route/service/whitelist, 81 network, 23 dispatch/reconcile, 77 lifecycle/package, 57 mailqueue/template/IP/OLS, 36 monitor/audit tests; 251 audit-export/role tests. See SECURITY-AUDIT-REVIEW-2026-09-24.md for deployment and limitations."
rpc,dbmonitor.processlist,daemon/server.py,<lambda>,kernel-peer-uid; root-credential; policy=global_admin,reviewed-tested,"Manual router-to-handler review: admin-only root policy, fixed command/service allowlists, validated identifiers/CIDRs/settings, bound SQL, scoped IP ownership, root-controlled configuration/credential files, OLS no-store reveal, sandboxed template preview. 247 route/service/whitelist, 81 network, 23 dispatch/reconcile, 77 lifecycle/package, 57 mailqueue/template/IP/OLS, 36 monitor/audit tests; 251 audit-export/role tests. See SECURITY-AUDIT-REVIEW-2026-09-24.md for deployment and limitations."
rpc,dbmonitor.slow_queries,daemon/server.py,<lambda>,kernel-peer-uid; root-credential; policy=global_admin,reviewed-tested,"Manual router-to-handler review: admin-only root policy, fixed command/service allowlists, validated identifiers/CIDRs/settings, bound SQL, scoped IP ownership, root-controlled configuration/credential files, OLS no-store reveal, sandboxed template preview. 247 route/service/whitelist, 81 network, 23 dispatch/reconcile, 77 lifecycle/package, 57 mailqueue/template/IP/OLS, 36 monitor/audit tests; 251 audit-export/role tests. See SECURITY-AUDIT-REVIEW-2026-09-24.md for deployment and limitations."
rpc,disktree.get,daemon/disktree.py,get_disk_tree,kernel-peer-uid; root-credential; policy=account_username,reviewed-fixed,"3a309e9; source path scope and tenant UID du/find, bounded output and NUL records; 10 functional/filename tests; real VM root-vs-tenant path-swap canary; grouped route/policy denial tests."
rpc,disktree.top_files,daemon/disktree.py,get_top_files,kernel-peer-uid; root-credential; policy=account_username,reviewed-fixed,"3a309e9; source path scope and tenant UID du/find, bounded output and NUL records; 10 functional/filename tests; real VM root-vs-tenant path-swap canary; grouped route/policy denial tests."
rpc,dns.create_zone,daemon/handlers_dns.py,create_zone,kernel-peer-uid; root-credential; policy=mixed_admin_or_account_and_domain,pending,
rpc,dns.delete_record,daemon/handlers_dns.py,delete_record,kernel-peer-uid; root-credential; policy=account_and_domain,pending,
rpc,dns.delete_zone,daemon/handlers_dns.py,delete_zone,kernel-peer-uid; root-credential; policy=root_internal,pending,
rpc,dns.list_records,daemon/handlers_dns.py,list_records,kernel-peer-uid; root-credential; policy=account_and_domain,pending,
rpc,dns.set_record,daemon/handlers_dns.py,set_record,kernel-peer-uid; root-credential; policy=account_and_domain,pending,
rpc,domain.add,daemon/handlers_domain.py,add_domain,kernel-peer-uid; root-credential; policy=account_username,pending,
rpc,domain.list,daemon/handlers_domain.py,list_domains,kernel-peer-uid; root-credential; policy=account_username,pending,
rpc,domain.remove,daemon/handlers_domain.py,remove_domain,kernel-peer-uid; root-credential; policy=account_and_domain,pending,
rpc,domain.set_php_version,daemon/handlers_domain.py,set_domain_php_version,kernel-peer-uid; root-credential; policy=account_and_domain,pending,
rpc,email_routing.get,daemon/handlers_email_routing.py,get_routing,kernel-peer-uid; root-credential; policy=account_and_domain,pending,
rpc,email_routing.set,daemon/handlers_email_routing.py,set_routing,kernel-peer-uid; root-credential; policy=account_and_domain,pending,
rpc,errorpages.delete,daemon/custom_pages.py,rpc_delete_error_page,kernel-peer-uid; root-credential; policy=account_and_domain,reviewed-fixed,Shared no-follow file/tenant ACL fix; sandboxed HTML preview; test_feature_scope_review.py; test_custom_pages.py; Chromium error-preview-security.spec.js normal CSP and bypassCSP cases passed
rpc,errorpages.get,daemon/custom_pages.py,rpc_get_error_page,kernel-peer-uid; root-credential; policy=account_and_domain,reviewed-fixed,Shared no-follow file/tenant ACL fix; sandboxed HTML preview; test_feature_scope_review.py; test_custom_pages.py; Chromium error-preview-security.spec.js normal CSP and bypassCSP cases passed
rpc,errorpages.list,daemon/custom_pages.py,rpc_list_error_pages,kernel-peer-uid; root-credential; policy=account_and_domain,reviewed-fixed,Shared no-follow file/tenant ACL fix; sandboxed HTML preview; test_feature_scope_review.py; test_custom_pages.py; Chromium error-preview-security.spec.js normal CSP and bypassCSP cases passed
rpc,errorpages.set,daemon/custom_pages.py,rpc_set_error_page,kernel-peer-uid; root-credential; policy=account_and_domain,reviewed-fixed,Shared no-follow file/tenant ACL fix; sandboxed HTML preview; test_feature_scope_review.py; test_custom_pages.py; Chromium error-preview-security.spec.js normal CSP and bypassCSP cases passed
rpc,fail2ban.bootstrap,daemon/fail2ban.py,bootstrap_jails,kernel-peer-uid; root-credential; policy=global_admin,reviewed-fixed,"Manual router-to-handler review: admin-only root policy, fixed command/service allowlists, validated identifiers/CIDRs/settings, bound SQL, scoped IP ownership, root-controlled configuration/credential files, OLS no-store reveal, sandboxed template preview. 247 route/service/whitelist, 81 network, 23 dispatch/reconcile, 77 lifecycle/package, 57 mailqueue/template/IP/OLS, 36 monitor/audit tests; 251 audit-export/role tests. See SECURITY-AUDIT-REVIEW-2026-09-24.md for deployment and limitations."
rpc,fail2ban.get_jail,daemon/fail2ban.py,get_jail,kernel-peer-uid; root-credential; policy=global_admin,reviewed-fixed,"Manual router-to-handler review: admin-only root policy, fixed command/service allowlists, validated identifiers/CIDRs/settings, bound SQL, scoped IP ownership, root-controlled configuration/credential files, OLS no-store reveal, sandboxed template preview. 247 route/service/whitelist, 81 network, 23 dispatch/reconcile, 77 lifecycle/package, 57 mailqueue/template/IP/OLS, 36 monitor/audit tests; 251 audit-export/role tests. See SECURITY-AUDIT-REVIEW-2026-09-24.md for deployment and limitations."
rpc,fail2ban.list_jails,daemon/fail2ban.py,list_jails,kernel-peer-uid; root-credential; policy=global_admin,reviewed-fixed,"Manual router-to-handler review: admin-only root policy, fixed command/service allowlists, validated identifiers/CIDRs/settings, bound SQL, scoped IP ownership, root-controlled configuration/credential files, OLS no-store reveal, sandboxed template preview. 247 route/service/whitelist, 81 network, 23 dispatch/reconcile, 77 lifecycle/package, 57 mailqueue/template/IP/OLS, 36 monitor/audit tests; 251 audit-export/role tests. See SECURITY-AUDIT-REVIEW-2026-09-24.md for deployment and limitations."
rpc,fail2ban.recent_events,daemon/fail2ban.py,recent_events,kernel-peer-uid; root-credential; policy=global_admin,reviewed-fixed,"Manual router-to-handler review: admin-only root policy, fixed command/service allowlists, validated identifiers/CIDRs/settings, bound SQL, scoped IP ownership, root-controlled configuration/credential files, OLS no-store reveal, sandboxed template preview. 247 route/service/whitelist, 81 network, 23 dispatch/reconcile, 77 lifecycle/package, 57 mailqueue/template/IP/OLS, 36 monitor/audit tests; 251 audit-export/role tests. See SECURITY-AUDIT-REVIEW-2026-09-24.md for deployment and limitations."
rpc,fail2ban.unban_all,daemon/fail2ban.py,unban_all_in_jail,kernel-peer-uid; root-credential; policy=global_admin,reviewed-fixed,"Manual router-to-handler review: admin-only root policy, fixed command/service allowlists, validated identifiers/CIDRs/settings, bound SQL, scoped IP ownership, root-controlled configuration/credential files, OLS no-store reveal, sandboxed template preview. 247 route/service/whitelist, 81 network, 23 dispatch/reconcile, 77 lifecycle/package, 57 mailqueue/template/IP/OLS, 36 monitor/audit tests; 251 audit-export/role tests. See SECURITY-AUDIT-REVIEW-2026-09-24.md for deployment and limitations."
rpc,fail2ban.unban_ip,daemon/fail2ban.py,unban_ip,kernel-peer-uid; root-credential; policy=global_admin,reviewed-fixed,"Manual router-to-handler review: admin-only root policy, fixed command/service allowlists, validated identifiers/CIDRs/settings, bound SQL, scoped IP ownership, root-controlled configuration/credential files, OLS no-store reveal, sandboxed template preview. 247 route/service/whitelist, 81 network, 23 dispatch/reconcile, 77 lifecycle/package, 57 mailqueue/template/IP/OLS, 36 monitor/audit tests; 251 audit-export/role tests. See SECURITY-AUDIT-REVIEW-2026-09-24.md for deployment and limitations."
rpc,fb.add_source,daemon/filebrowser.py,add_source,kernel-peer-uid; root-credential; policy=root_internal,reviewed-fixed,BSA-2026-030/BSA-2026-036; 46547ff/112ed30/b8ec15d; 92+43 focused tests; VM own/cross-account/write and hostile-backend canaries; Chromium HTML/SVG isolation; primary smoke
rpc,fb.bootstrap,daemon/filebrowser.py,bootstrap,kernel-peer-uid; root-credential; policy=root_internal,reviewed-fixed,BSA-2026-030/BSA-2026-036; 46547ff/112ed30/b8ec15d; 92+43 focused tests; VM own/cross-account/write and hostile-backend canaries; Chromium HTML/SVG isolation; primary smoke
rpc,fb.open,daemon/filebrowser.py,open_access,kernel-peer-uid; root-credential; policy=account_username,reviewed-fixed,BSA-2026-030/BSA-2026-036; 46547ff/112ed30/b8ec15d; 92+43 focused tests; VM own/cross-account/write and hostile-backend canaries; Chromium HTML/SVG isolation; primary smoke
rpc,fb.refresh_all,daemon/filebrowser.py,refresh_all_sources,kernel-peer-uid; root-credential; policy=root_internal,reviewed-fixed,BSA-2026-030/BSA-2026-036; 46547ff/112ed30/b8ec15d; 92+43 focused tests; VM own/cross-account/write and hostile-backend canaries; Chromium HTML/SVG isolation; primary smoke
rpc,fb.remove_source,daemon/filebrowser.py,remove_source,kernel-peer-uid; root-credential; policy=root_internal,reviewed-fixed,BSA-2026-030/BSA-2026-036; 46547ff/112ed30/b8ec15d; 92+43 focused tests; VM own/cross-account/write and hostile-backend canaries; Chromium HTML/SVG isolation; primary smoke
rpc,fb.status,daemon/filebrowser.py,status,kernel-peer-uid; root-credential; policy=global_admin,reviewed-fixed,BSA-2026-030/BSA-2026-036; 46547ff/112ed30/b8ec15d; 92+43 focused tests; VM own/cross-account/write and hostile-backend canaries; Chromium HTML/SVG isolation; primary smoke
rpc,fileauth.disable,daemon/fileauth.py,disable_protection,kernel-peer-uid; root-credential; policy=account_username,reviewed-fixed,"fileauth symlink-safe htpasswd hardening: 31 fileauth/RPC-authority tests; VM canary enabled temp docroot dir, added/listed/deleted bcrypt user, rejected swapped .htpasswd symlink without touching canary, disabled row and cleaned temp dir; primary hash deployed"
rpc,fileauth.enable,daemon/fileauth.py,enable_protection,kernel-peer-uid; root-credential; policy=account_username,reviewed-fixed,"fileauth symlink-safe htpasswd hardening: 31 fileauth/RPC-authority tests; VM canary enabled temp docroot dir, added/listed/deleted bcrypt user, rejected swapped .htpasswd symlink without touching canary, disabled row and cleaned temp dir; primary hash deployed"
rpc,fileauth.list,daemon/fileauth.py,list_protected_dirs,kernel-peer-uid; root-credential; policy=account_username,reviewed-fixed,"fileauth symlink-safe htpasswd hardening: 31 fileauth/RPC-authority tests; VM canary enabled temp docroot dir, added/listed/deleted bcrypt user, rejected swapped .htpasswd symlink without touching canary, disabled row and cleaned temp dir; primary hash deployed"
rpc,fileauth.user.add,daemon/fileauth.py,add_user,kernel-peer-uid; root-credential; policy=account_username,reviewed-fixed,"fileauth symlink-safe htpasswd hardening: 31 fileauth/RPC-authority tests; VM canary enabled temp docroot dir, added/listed/deleted bcrypt user, rejected swapped .htpasswd symlink without touching canary, disabled row and cleaned temp dir; primary hash deployed"
rpc,fileauth.user.delete,daemon/fileauth.py,delete_user,kernel-peer-uid; root-credential; policy=account_username,reviewed-fixed,"fileauth symlink-safe htpasswd hardening: 31 fileauth/RPC-authority tests; VM canary enabled temp docroot dir, added/listed/deleted bcrypt user, rejected swapped .htpasswd symlink without touching canary, disabled row and cleaned temp dir; primary hash deployed"
rpc,fileauth.user.list,daemon/fileauth.py,list_users,kernel-peer-uid; root-credential; policy=account_username,reviewed-fixed,"fileauth symlink-safe htpasswd hardening: 31 fileauth/RPC-authority tests; VM canary enabled temp docroot dir, added/listed/deleted bcrypt user, rejected swapped .htpasswd symlink without touching canary, disabled row and cleaned temp dir; primary hash deployed"
rpc,firewall.add,daemon/firewall.py,add_rule,kernel-peer-uid; root-credential; policy=global_admin,reviewed-fixed,"Manual router-to-handler review: admin-only root policy, fixed command/service allowlists, validated identifiers/CIDRs/settings, bound SQL, scoped IP ownership, root-controlled configuration/credential files, OLS no-store reveal, sandboxed template preview. 247 route/service/whitelist, 81 network, 23 dispatch/reconcile, 77 lifecycle/package, 57 mailqueue/template/IP/OLS, 36 monitor/audit tests; 251 audit-export/role tests. See SECURITY-AUDIT-REVIEW-2026-09-24.md for deployment and limitations."
rpc,firewall.bypass.add,daemon/firewall.py,add_bypass,kernel-peer-uid; root-credential; policy=global_admin,reviewed-fixed,"Manual router-to-handler review: admin-only root policy, fixed command/service allowlists, validated identifiers/CIDRs/settings, bound SQL, scoped IP ownership, root-controlled configuration/credential files, OLS no-store reveal, sandboxed template preview. 247 route/service/whitelist, 81 network, 23 dispatch/reconcile, 77 lifecycle/package, 57 mailqueue/template/IP/OLS, 36 monitor/audit tests; 251 audit-export/role tests. See SECURITY-AUDIT-REVIEW-2026-09-24.md for deployment and limitations."
rpc,firewall.bypass.delete,daemon/firewall.py,delete_bypass,kernel-peer-uid; root-credential; policy=global_admin,reviewed-fixed,"Manual router-to-handler review: admin-only root policy, fixed command/service allowlists, validated identifiers/CIDRs/settings, bound SQL, scoped IP ownership, root-controlled configuration/credential files, OLS no-store reveal, sandboxed template preview. 247 route/service/whitelist, 81 network, 23 dispatch/reconcile, 77 lifecycle/package, 57 mailqueue/template/IP/OLS, 36 monitor/audit tests; 251 audit-export/role tests. See SECURITY-AUDIT-REVIEW-2026-09-24.md for deployment and limitations."
rpc,firewall.bypass.list,daemon/firewall.py,list_bypass,kernel-peer-uid; root-credential; policy=global_admin,reviewed-fixed,"Manual router-to-handler review: admin-only root policy, fixed command/service allowlists, validated identifiers/CIDRs/settings, bound SQL, scoped IP ownership, root-controlled configuration/credential files, OLS no-store reveal, sandboxed template preview. 247 route/service/whitelist, 81 network, 23 dispatch/reconcile, 77 lifecycle/package, 57 mailqueue/template/IP/OLS, 36 monitor/audit tests; 251 audit-export/role tests. See SECURITY-AUDIT-REVIEW-2026-09-24.md for deployment and limitations."
rpc,firewall.delete,daemon/firewall.py,delete_rule,kernel-peer-uid; root-credential; policy=global_admin,reviewed-fixed,"Manual router-to-handler review: admin-only root policy, fixed command/service allowlists, validated identifiers/CIDRs/settings, bound SQL, scoped IP ownership, root-controlled configuration/credential files, OLS no-store reveal, sandboxed template preview. 247 route/service/whitelist, 81 network, 23 dispatch/reconcile, 77 lifecycle/package, 57 mailqueue/template/IP/OLS, 36 monitor/audit tests; 251 audit-export/role tests. See SECURITY-AUDIT-REVIEW-2026-09-24.md for deployment and limitations."
rpc,firewall.disable,daemon/firewall.py,disable_firewall,kernel-peer-uid; root-credential; policy=global_admin,reviewed-fixed,"Manual router-to-handler review: admin-only root policy, fixed command/service allowlists, validated identifiers/CIDRs/settings, bound SQL, scoped IP ownership, root-controlled configuration/credential files, OLS no-store reveal, sandboxed template preview. 247 route/service/whitelist, 81 network, 23 dispatch/reconcile, 77 lifecycle/package, 57 mailqueue/template/IP/OLS, 36 monitor/audit tests; 251 audit-export/role tests. See SECURITY-AUDIT-REVIEW-2026-09-24.md for deployment and limitations."
rpc,firewall.enable,daemon/firewall.py,enable_firewall,kernel-peer-uid; root-credential; policy=global_admin,reviewed-fixed,"Manual router-to-handler review: admin-only root policy, fixed command/service allowlists, validated identifiers/CIDRs/settings, bound SQL, scoped IP ownership, root-controlled configuration/credential files, OLS no-store reveal, sandboxed template preview. 247 route/service/whitelist, 81 network, 23 dispatch/reconcile, 77 lifecycle/package, 57 mailqueue/template/IP/OLS, 36 monitor/audit tests; 251 audit-export/role tests. See SECURITY-AUDIT-REVIEW-2026-09-24.md for deployment and limitations."
rpc,firewall.list,daemon/firewall.py,list_rules,kernel-peer-uid; root-credential; policy=global_admin,reviewed-fixed,"Manual router-to-handler review: admin-only root policy, fixed command/service allowlists, validated identifiers/CIDRs/settings, bound SQL, scoped IP ownership, root-controlled configuration/credential files, OLS no-store reveal, sandboxed template preview. 247 route/service/whitelist, 81 network, 23 dispatch/reconcile, 77 lifecycle/package, 57 mailqueue/template/IP/OLS, 36 monitor/audit tests; 251 audit-export/role tests. See SECURITY-AUDIT-REVIEW-2026-09-24.md for deployment and limitations."
rpc,firewall.status,daemon/firewall.py,get_status,kernel-peer-uid; root-credential; policy=global_admin,reviewed-fixed,"Manual router-to-handler review: admin-only root policy, fixed command/service allowlists, validated identifiers/CIDRs/settings, bound SQL, scoped IP ownership, root-controlled configuration/credential files, OLS no-store reveal, sandboxed template preview. 247 route/service/whitelist, 81 network, 23 dispatch/reconcile, 77 lifecycle/package, 57 mailqueue/template/IP/OLS, 36 monitor/audit tests; 251 audit-export/role tests. See SECURITY-AUDIT-REVIEW-2026-09-24.md for deployment and limitations."
rpc,forwarding.delete,daemon/forwarding.py,delete_forwarding,kernel-peer-uid; root-credential; policy=account_and_domain,reviewed-tested,"Source: account/domain binding, row scopes, redirect/status/CIDR/allowlist validation, OLS rule interpolation, escaped maintenance HTML, generated bypass token and private custom-page writer; 204 grouped route/policy/domain tests. Failed OLS applies return errors; DB retains desired settings (not a claim of transactional rollback)."
rpc,forwarding.get,daemon/forwarding.py,get_forwarding,kernel-peer-uid; root-credential; policy=account_and_domain,reviewed-tested,"Source: account/domain binding, row scopes, redirect/status/CIDR/allowlist validation, OLS rule interpolation, escaped maintenance HTML, generated bypass token and private custom-page writer; 204 grouped route/policy/domain tests. Failed OLS applies return errors; DB retains desired settings (not a claim of transactional rollback)."
rpc,forwarding.set,daemon/forwarding.py,set_forwarding,kernel-peer-uid; root-credential; policy=account_and_domain,reviewed-tested,"Source: account/domain binding, row scopes, redirect/status/CIDR/allowlist validation, OLS rule interpolation, escaped maintenance HTML, generated bypass token and private custom-page writer; 204 grouped route/policy/domain tests. Failed OLS applies return errors; DB retains desired settings (not a claim of transactional rollback)."
rpc,ftp.change_password,daemon/handlers_ftp.py,change_ftp_password,kernel-peer-uid; root-credential; policy=account_username,reviewed-fixed,"database/FTP lifecycle hardening: 47 database/FTP/RPC-authority tests; VM canary forced post-create bookkeeping failures and external delete failures, proving created DB/FTP objects are cleaned up or rows retained for retry; primary hashes deployed"
rpc,ftp.create,daemon/handlers_ftp.py,create_ftp_account,kernel-peer-uid; root-credential; policy=account_username,pending,
rpc,ftp.delete,daemon/handlers_ftp.py,delete_ftp_account,kernel-peer-uid; root-credential; policy=account_username,reviewed-fixed,"database/FTP lifecycle hardening: 47 database/FTP/RPC-authority tests; VM canary forced post-create bookkeeping failures and external delete failures, proving created DB/FTP objects are cleaned up or rows retained for retry; primary hashes deployed"
rpc,ftp.list,daemon/handlers_ftp.py,list_ftp_accounts,kernel-peer-uid; root-credential; policy=account_username,reviewed-fixed,"database/FTP lifecycle hardening: 47 database/FTP/RPC-authority tests; VM canary forced post-create bookkeeping failures and external delete failures, proving created DB/FTP objects are cleaned up or rows retained for retry; primary hashes deployed"
rpc,ftp.set_path,daemon/handlers_ftp.py,set_ftp_path,kernel-peer-uid; root-credential; policy=account_username,reviewed-fixed,"database/FTP lifecycle hardening: 47 database/FTP/RPC-authority tests; VM canary forced post-create bookkeeping failures and external delete failures, proving created DB/FTP objects are cleaned up or rows retained for retry; primary hashes deployed"
rpc,git.repo.create,daemon/gitrepo.py,create_repo,kernel-peer-uid; root-credential; policy=account_username,reviewed-fixed,BSA-2026-047; source filesystem/role review; tests/test_feature_scope_review.py and test_gitrepo.py; VM Git canary; 9aa8d30
rpc,git.repo.delete,daemon/gitrepo.py,delete_repo,kernel-peer-uid; root-credential; policy=account_username,reviewed-fixed,BSA-2026-047; source filesystem/role review; tests/test_feature_scope_review.py and test_gitrepo.py; VM Git canary; 9aa8d30
rpc,git.repo.list,daemon/gitrepo.py,list_repos,kernel-peer-uid; root-credential; policy=account_username,reviewed-fixed,BSA-2026-047; source filesystem/role review; tests/test_feature_scope_review.py and test_gitrepo.py; VM Git canary; 9aa8d30
rpc,git.repo.push_log,daemon/gitrepo.py,get_push_log,kernel-peer-uid; root-credential; policy=account_username,reviewed-fixed,BSA-2026-047; source filesystem/role review; tests/test_feature_scope_review.py and test_gitrepo.py; VM Git canary; 9aa8d30
rpc,git.repo.set_deploy_target,daemon/gitrepo.py,set_deploy_target,kernel-peer-uid; root-credential; policy=account_username,reviewed-fixed,BSA-2026-047; source filesystem/role review; tests/test_feature_scope_review.py and test_gitrepo.py; VM Git canary; 9aa8d30
rpc,health.get,daemon/health.py,get_live,kernel-peer-uid; root-credential; policy=global_admin,reviewed-tested,"Source: administrator-only global telemetry, root-internal snapshot, fixed chronyc argv with timeout/cache, bounded history hours/retention and parameterized SQL; tests/test_health.py (5) and root-policy gate; root-controlled cron log directory BSA-2026-055."
rpc,health.history,daemon/health.py,get_history,kernel-peer-uid; root-credential; policy=global_admin,reviewed-tested,"Source: administrator-only global telemetry, root-internal snapshot, fixed chronyc argv with timeout/cache, bounded history hours/retention and parameterized SQL; tests/test_health.py (5) and root-policy gate; root-controlled cron log directory BSA-2026-055."
rpc,health.snapshot,daemon/health.py,take_snapshot,kernel-peer-uid; root-credential; policy=root_internal,reviewed-tested,"Source: administrator-only global telemetry, root-internal snapshot, fixed chronyc argv with timeout/cache, bounded history hours/retention and parameterized SQL; tests/test_health.py (5) and root-policy gate; root-controlled cron log directory BSA-2026-055."
rpc,hotlink.get,daemon/handlers_hotlink.py,get_hotlink_protection,kernel-peer-uid; root-credential; policy=account_and_domain,reviewed-tested,"Source: account/domain binding, row scopes, redirect/status/CIDR/allowlist validation, OLS rule interpolation, escaped maintenance HTML, generated bypass token and private custom-page writer; 204 grouped route/policy/domain tests. Failed OLS applies return errors; DB retains desired settings (not a claim of transactional rollback)."
rpc,hotlink.set,daemon/handlers_hotlink.py,set_hotlink_protection,kernel-peer-uid; root-credential; policy=account_and_domain,reviewed-tested,"Source: account/domain binding, row scopes, redirect/status/CIDR/allowlist validation, OLS rule interpolation, escaped maintenance HTML, generated bypass token and private custom-page writer; 204 grouped route/policy/domain tests. Failed OLS applies return errors; DB retains desired settings (not a claim of transactional rollback)."
rpc,imapsync.cancel,daemon/imapsync.py,cancel_migration,kernel-peer-uid; root-credential; policy=account_username,reviewed-fixed,"f5618e3; pinned public IP with TLS hostname, private passfiles, worker ownership check, serialized job reservation, bounded discovered folders"
rpc,imapsync.list,daemon/imapsync.py,list_jobs,kernel-peer-uid; root-credential; policy=account_username,reviewed-fixed,"f5618e3; pinned public IP with TLS hostname, private passfiles, worker ownership check, serialized job reservation, bounded discovered folders"
rpc,imapsync.list_active_admin,daemon/imapsync.py,list_active_admin,kernel-peer-uid; root-credential; policy=global_admin,reviewed-fixed,"f5618e3; pinned public IP with TLS hostname, private passfiles, worker ownership check, serialized job reservation, bounded discovered folders"
rpc,imapsync.list_folders,daemon/imapsync.py,rpc_list_folders,kernel-peer-uid; root-credential; policy=account_username,reviewed-fixed,"f5618e3; pinned public IP with TLS hostname, private passfiles, worker ownership check, serialized job reservation, bounded discovered folders"
rpc,imapsync.start,daemon/imapsync.py,start_migration,kernel-peer-uid; root-credential; policy=account_and_domain,reviewed-fixed,"f5618e3; pinned public IP with TLS hostname, private passfiles, worker ownership check, serialized job reservation, bounded discovered folders"
rpc,imapsync.status,daemon/imapsync.py,get_status,kernel-peer-uid; root-credential; policy=account_username,reviewed-fixed,"f5618e3; pinned public IP with TLS hostname, private passfiles, worker ownership check, serialized job reservation, bounded discovered folders"
rpc,impersonation.create_token,daemon/impersonation.py,create_token,kernel-peer-uid; root-credential; policy=admin_impersonation_issue,reviewed-fixed,SECURITY-AUDIT-REVIEW-2026-09-24.md; final-auth-boundaries.log (76 passed); notification-mfa-review.log (273 passed); lifecycle-dns-review-tests.log (140 passed); explicit role/owner checks reviewed.
rpc,impersonation.end,daemon/impersonation.py,end,kernel-peer-uid; root-credential; policy=current_impersonation_session_self,reviewed-fixed,SECURITY-AUDIT-REVIEW-2026-09-24.md; final-auth-boundaries.log (76 passed); notification-mfa-review.log (273 passed); lifecycle-dns-review-tests.log (140 passed); explicit role/owner checks reviewed.
rpc,impersonation.redeem_token,daemon/impersonation.py,redeem_token,kernel-peer-uid; root-credential; policy=admin_impersonation_redeem,reviewed-fixed,SECURITY-AUDIT-REVIEW-2026-09-24.md; final-auth-boundaries.log (76 passed); notification-mfa-review.log (273 passed); lifecycle-dns-review-tests.log (140 passed); explicit role/owner checks reviewed.
rpc,ipban.add,daemon/ipban.py,ban_ip,kernel-peer-uid; root-credential; policy=global_admin,reviewed-fixed,"Manual router-to-handler review: admin-only root policy, fixed command/service allowlists, validated identifiers/CIDRs/settings, bound SQL, scoped IP ownership, root-controlled configuration/credential files, OLS no-store reveal, sandboxed template preview. 247 route/service/whitelist, 81 network, 23 dispatch/reconcile, 77 lifecycle/package, 57 mailqueue/template/IP/OLS, 36 monitor/audit tests; 251 audit-export/role tests. See SECURITY-AUDIT-REVIEW-2026-09-24.md for deployment and limitations."
rpc,ipban.delete,daemon/ipban.py,unban_ip,kernel-peer-uid; root-credential; policy=global_admin,reviewed-fixed,"Manual router-to-handler review: admin-only root policy, fixed command/service allowlists, validated identifiers/CIDRs/settings, bound SQL, scoped IP ownership, root-controlled configuration/credential files, OLS no-store reveal, sandboxed template preview. 247 route/service/whitelist, 81 network, 23 dispatch/reconcile, 77 lifecycle/package, 57 mailqueue/template/IP/OLS, 36 monitor/audit tests; 251 audit-export/role tests. See SECURITY-AUDIT-REVIEW-2026-09-24.md for deployment and limitations."
rpc,ipban.list,daemon/ipban.py,list_bans,kernel-peer-uid; root-credential; policy=global_admin,reviewed-fixed,"Manual router-to-handler review: admin-only root policy, fixed command/service allowlists, validated identifiers/CIDRs/settings, bound SQL, scoped IP ownership, root-controlled configuration/credential files, OLS no-store reveal, sandboxed template preview. 247 route/service/whitelist, 81 network, 23 dispatch/reconcile, 77 lifecycle/package, 57 mailqueue/template/IP/OLS, 36 monitor/audit tests; 251 audit-export/role tests. See SECURITY-AUDIT-REVIEW-2026-09-24.md for deployment and limitations."
rpc,ipblock.add,daemon/handlers_ipblock.py,add_ip_block,kernel-peer-uid; root-credential; policy=account_and_domain,reviewed-tested,"Source: account/domain binding, row scopes, redirect/status/CIDR/allowlist validation, OLS rule interpolation, escaped maintenance HTML, generated bypass token and private custom-page writer; 204 grouped route/policy/domain tests. Failed OLS applies return errors; DB retains desired settings (not a claim of transactional rollback)."
rpc,ipblock.list,daemon/handlers_ipblock.py,list_ip_blocks,kernel-peer-uid; root-credential; policy=account_and_domain,reviewed-tested,"Source: account/domain binding, row scopes, redirect/status/CIDR/allowlist validation, OLS rule interpolation, escaped maintenance HTML, generated bypass token and private custom-page writer; 204 grouped route/policy/domain tests. Failed OLS applies return errors; DB retains desired settings (not a claim of transactional rollback)."
rpc,ipblock.remove,daemon/handlers_ipblock.py,remove_ip_block,kernel-peer-uid; root-credential; policy=account_and_domain,reviewed-tested,"Source: account/domain binding, row scopes, redirect/status/CIDR/allowlist validation, OLS rule interpolation, escaped maintenance HTML, generated bypass token and private custom-page writer; 204 grouped route/policy/domain tests. Failed OLS applies return errors; DB retains desired settings (not a claim of transactional rollback)."
rpc,ipmanager.assign,daemon/ipmanager.py,assign_account,kernel-peer-uid; root-credential; policy=global_admin,reviewed-tested,"Manual router-to-handler review: admin-only root policy, fixed command/service allowlists, validated identifiers/CIDRs/settings, bound SQL, scoped IP ownership, root-controlled configuration/credential files, OLS no-store reveal, sandboxed template preview. 247 route/service/whitelist, 81 network, 23 dispatch/reconcile, 77 lifecycle/package, 57 mailqueue/template/IP/OLS, 36 monitor/audit tests; 251 audit-export/role tests. See SECURITY-AUDIT-REVIEW-2026-09-24.md for deployment and limitations."
rpc,ipmanager.assign_new,daemon/ipmanager.py,assign_for_new_account,kernel-peer-uid; root-credential; policy=global_admin,reviewed-tested,"Manual router-to-handler review: admin-only root policy, fixed command/service allowlists, validated identifiers/CIDRs/settings, bound SQL, scoped IP ownership, root-controlled configuration/credential files, OLS no-store reveal, sandboxed template preview. 247 route/service/whitelist, 81 network, 23 dispatch/reconcile, 77 lifecycle/package, 57 mailqueue/template/IP/OLS, 36 monitor/audit tests; 251 audit-export/role tests. See SECURITY-AUDIT-REVIEW-2026-09-24.md for deployment and limitations."
rpc,ipmanager.delete,daemon/ipmanager.py,delete_ip,kernel-peer-uid; root-credential; policy=global_admin,reviewed-tested,"Manual router-to-handler review: admin-only root policy, fixed command/service allowlists, validated identifiers/CIDRs/settings, bound SQL, scoped IP ownership, root-controlled configuration/credential files, OLS no-store reveal, sandboxed template preview. 247 route/service/whitelist, 81 network, 23 dispatch/reconcile, 77 lifecycle/package, 57 mailqueue/template/IP/OLS, 36 monitor/audit tests; 251 audit-export/role tests. See SECURITY-AUDIT-REVIEW-2026-09-24.md for deployment and limitations."
rpc,ipmanager.import,daemon/ipmanager.py,import_addresses,kernel-peer-uid; root-credential; policy=global_admin,reviewed-tested,"Manual router-to-handler review: admin-only root policy, fixed command/service allowlists, validated identifiers/CIDRs/settings, bound SQL, scoped IP ownership, root-controlled configuration/credential files, OLS no-store reveal, sandboxed template preview. 247 route/service/whitelist, 81 network, 23 dispatch/reconcile, 77 lifecycle/package, 57 mailqueue/template/IP/OLS, 36 monitor/audit tests; 251 audit-export/role tests. See SECURITY-AUDIT-REVIEW-2026-09-24.md for deployment and limitations."
rpc,ipmanager.list,daemon/ipmanager.py,list_state,kernel-peer-uid; root-credential; policy=global_admin,reviewed-tested,"Manual router-to-handler review: admin-only root policy, fixed command/service allowlists, validated identifiers/CIDRs/settings, bound SQL, scoped IP ownership, root-controlled configuration/credential files, OLS no-store reveal, sandboxed template preview. 247 route/service/whitelist, 81 network, 23 dispatch/reconcile, 77 lifecycle/package, 57 mailqueue/template/IP/OLS, 36 monitor/audit tests; 251 audit-export/role tests. See SECURITY-AUDIT-REVIEW-2026-09-24.md for deployment and limitations."
rpc,ipmanager.policy.set,daemon/ipmanager.py,set_policy,kernel-peer-uid; root-credential; policy=global_admin,reviewed-tested,"Manual router-to-handler review: admin-only root policy, fixed command/service allowlists, validated identifiers/CIDRs/settings, bound SQL, scoped IP ownership, root-controlled configuration/credential files, OLS no-store reveal, sandboxed template preview. 247 route/service/whitelist, 81 network, 23 dispatch/reconcile, 77 lifecycle/package, 57 mailqueue/template/IP/OLS, 36 monitor/audit tests; 251 audit-export/role tests. See SECURITY-AUDIT-REVIEW-2026-09-24.md for deployment and limitations."
rpc,ipmanager.update,daemon/ipmanager.py,update_ip,kernel-peer-uid; root-credential; policy=global_admin,reviewed-tested,"Manual router-to-handler review: admin-only root policy, fixed command/service allowlists, validated identifiers/CIDRs/settings, bound SQL, scoped IP ownership, root-controlled configuration/credential files, OLS no-store reveal, sandboxed template preview. 247 route/service/whitelist, 81 network, 23 dispatch/reconcile, 77 lifecycle/package, 57 mailqueue/template/IP/OLS, 36 monitor/audit tests; 251 audit-export/role tests. See SECURITY-AUDIT-REVIEW-2026-09-24.md for deployment and limitations."
rpc,ipwhitelist.add,daemon/ipwhitelist.py,add_entry,kernel-peer-uid; root-credential; policy=global_admin,reviewed-tested,"Manual router-to-handler review: admin-only root policy, fixed command/service allowlists, validated identifiers/CIDRs/settings, bound SQL, scoped IP ownership, root-controlled configuration/credential files, OLS no-store reveal, sandboxed template preview. 247 route/service/whitelist, 81 network, 23 dispatch/reconcile, 77 lifecycle/package, 57 mailqueue/template/IP/OLS, 36 monitor/audit tests; 251 audit-export/role tests. See SECURITY-AUDIT-REVIEW-2026-09-24.md for deployment and limitations."
rpc,ipwhitelist.delete,daemon/ipwhitelist.py,delete_entry,kernel-peer-uid; root-credential; policy=global_admin,reviewed-tested,"Manual router-to-handler review: admin-only root policy, fixed command/service allowlists, validated identifiers/CIDRs/settings, bound SQL, scoped IP ownership, root-controlled configuration/credential files, OLS no-store reveal, sandboxed template preview. 247 route/service/whitelist, 81 network, 23 dispatch/reconcile, 77 lifecycle/package, 57 mailqueue/template/IP/OLS, 36 monitor/audit tests; 251 audit-export/role tests. See SECURITY-AUDIT-REVIEW-2026-09-24.md for deployment and limitations."
rpc,ipwhitelist.list,daemon/ipwhitelist.py,list_entries,kernel-peer-uid; root-credential; policy=global_admin,reviewed-tested,"Manual router-to-handler review: admin-only root policy, fixed command/service allowlists, validated identifiers/CIDRs/settings, bound SQL, scoped IP ownership, root-controlled configuration/credential files, OLS no-store reveal, sandboxed template preview. 247 route/service/whitelist, 81 network, 23 dispatch/reconcile, 77 lifecycle/package, 57 mailqueue/template/IP/OLS, 36 monitor/audit tests; 251 audit-export/role tests. See SECURITY-AUDIT-REVIEW-2026-09-24.md for deployment and limitations."
rpc,logs.get,daemon/logs.py,get_log,kernel-peer-uid; root-credential; policy=account_username,reviewed-fixed,"30cc845; source domain ownership and log-type restrictions; 29 log tests incl post-resolution parent/leaf swaps, FIFO and bounded tail; VM 34 focused passes; primary actual PHP log RPC passed."
rpc,lscache.get,daemon/lscache.py,get_settings,kernel-peer-uid; root-credential; policy=account_and_domain,reviewed-fixed,BSA-2026-071; cache-waf-review.log:42 passed; outside-canary and directory-swap tests
rpc,lscache.purge,daemon/lscache.py,purge,kernel-peer-uid; root-credential; policy=account_and_domain,reviewed-fixed,BSA-2026-071; cache-waf-review.log:42 passed; outside-canary and directory-swap tests
rpc,lscache.set,daemon/lscache.py,set_settings,kernel-peer-uid; root-credential; policy=account_and_domain,reviewed-fixed,BSA-2026-071; cache-waf-review.log:42 passed; outside-canary and directory-swap tests
rpc,lscache.stats,daemon/lscache.py,get_stats,kernel-peer-uid; root-credential; policy=account_and_domain,reviewed-fixed,BSA-2026-071; cache-waf-review.log:42 passed; outside-canary and directory-swap tests
rpc,mail.autoresponder.delete,daemon/handlers_mail.py,delete_autoresponder,kernel-peer-uid; root-credential; policy=account_and_domain,reviewed-fixed,autoresponder Sieve rollback hardening: 82 handler/autoresponder/mail-mutation/RPC-authority tests; VM canary forced row set/delete failures and verified .dovecot.sieve new-file removal and old-file restoration; primary handlers_mail.py hash deployed
rpc,mail.autoresponder.get,daemon/handlers_mail.py,get_autoresponder,kernel-peer-uid; root-credential; policy=account_and_domain,reviewed-fixed,autoresponder Sieve rollback hardening: 82 handler/autoresponder/mail-mutation/RPC-authority tests; VM canary forced row set/delete failures and verified .dovecot.sieve new-file removal and old-file restoration; primary handlers_mail.py hash deployed
rpc,mail.autoresponder.set,daemon/handlers_mail.py,set_autoresponder,kernel-peer-uid; root-credential; policy=account_and_domain,reviewed-fixed,autoresponder Sieve rollback hardening: 82 handler/autoresponder/mail-mutation/RPC-authority tests; VM canary forced row set/delete failures and verified .dovecot.sieve new-file removal and old-file restoration; primary handlers_mail.py hash deployed
rpc,mail.catchall.delete,daemon/handlers_mail.py,delete_catchall,kernel-peer-uid; root-credential; policy=account_and_domain,pending,
rpc,mail.catchall.get,daemon/handlers_mail.py,get_catchall,kernel-peer-uid; root-credential; policy=account_and_domain,pending,
rpc,mail.catchall.set,daemon/handlers_mail.py,set_catchall,kernel-peer-uid; root-credential; policy=account_and_domain,pending,
rpc,mail.change_password,daemon/handlers_mail.py,change_mailbox_password,kernel-peer-uid; root-credential; policy=account_and_domain,reviewed-fixed,mail lifecycle hardening: 63 mail/mutation/RPC-authority tests; VM canary forced post-create cache failures and verified external mail domain/mailbox/maildir/cache cleanup; no-owner domain create now fails before external create; primary handlers_mail.py hash matches and boron-provisiond active
rpc,mail.create_domain,daemon/handlers_mail.py,create_mail_domain,kernel-peer-uid; root-credential; policy=account_and_domain,reviewed-fixed,mail lifecycle hardening: 63 mail/mutation/RPC-authority tests; VM canary forced post-create cache failures and verified external mail domain/mailbox/maildir/cache cleanup; no-owner domain create now fails before external create; primary handlers_mail.py hash matches and boron-provisiond active
rpc,mail.create_mailbox,daemon/handlers_mail.py,create_mailbox,kernel-peer-uid; root-credential; policy=account_and_domain,reviewed-fixed,mail lifecycle hardening: 63 mail/mutation/RPC-authority tests; VM canary forced post-create cache failures and verified external mail domain/mailbox/maildir/cache cleanup; no-owner domain create now fails before external create; primary handlers_mail.py hash matches and boron-provisiond active
rpc,mail.delete_domain,daemon/handlers_mail.py,delete_mail_domain,kernel-peer-uid; root-credential; policy=root_internal,reviewed-fixed,mail lifecycle hardening: 63 mail/mutation/RPC-authority tests; VM canary forced post-create cache failures and verified external mail domain/mailbox/maildir/cache cleanup; no-owner domain create now fails before external create; primary handlers_mail.py hash matches and boron-provisiond active; BSA-2026-045: domain-wide spam rules/prefs cleanup; retain cache for retry; 123 distinct targeted tests across runs and 6 real VM cleanup/retry assertions; primary hotfixed
rpc,mail.delete_mailbox,daemon/handlers_mail.py,delete_mailbox,kernel-peer-uid; root-credential; policy=domain_owner,reviewed-fixed,mail lifecycle hardening: 63 mail/mutation/RPC-authority tests; VM canary forced post-create cache failures and verified external mail domain/mailbox/maildir/cache cleanup; no-owner domain create now fails before external create; primary handlers_mail.py hash matches and boron-provisiond active; BSA-2026-045: domain-wide spam rules/prefs cleanup; retain cache for retry; 123 distinct targeted tests across runs and 6 real VM cleanup/retry assertions; primary hotfixed
rpc,mail.forward.create,daemon/handlers_mail.py,create_forward,kernel-peer-uid; root-credential; policy=account_and_domain,pending,
rpc,mail.forward.delete,daemon/handlers_mail.py,delete_forward,kernel-peer-uid; root-credential; policy=account_and_domain,pending,
rpc,mail.forward.list,daemon/handlers_mail.py,list_forwards,kernel-peer-uid; root-credential; policy=account_and_domain,pending,
rpc,mail.list_mailboxes,daemon/handlers_mail.py,list_mailboxes,kernel-peer-uid; root-credential; policy=account_and_domain,reviewed-fixed,mail lifecycle hardening: 63 mail/mutation/RPC-authority tests; VM canary forced post-create cache failures and verified external mail domain/mailbox/maildir/cache cleanup; no-owner domain create now fails before external create; primary handlers_mail.py hash matches and boron-provisiond active
rpc,mail.spamfilter.get,daemon/handlers_mail.py,get_spam_filter,kernel-peer-uid; root-credential; policy=account_and_domain,reviewed-fixed,"spam-filter consistency hardening: 89 mail/spamfilter/RPC-authority tests; VM canary verified per-domain prefs/DB rollback, global local.cf lint-before-apply, global DB failure restore, and primary hashes deployed"
rpc,mail.spamfilter.set,daemon/handlers_mail.py,set_spam_filter,kernel-peer-uid; root-credential; policy=account_and_domain,reviewed-fixed,"spam-filter consistency hardening: 89 mail/spamfilter/RPC-authority tests; VM canary verified per-domain prefs/DB rollback, global local.cf lint-before-apply, global DB failure restore, and primary hashes deployed"
rpc,maillog.delivery,daemon/maillog.py,get_delivery_log,kernel-peer-uid; root-credential; policy=account_username,pending,
rpc,mailqueue.delete,daemon/mailqueue.py,delete_message,kernel-peer-uid; root-credential; policy=global_admin,reviewed-tested,"Manual router-to-handler review: admin-only root policy, fixed command/service allowlists, validated identifiers/CIDRs/settings, bound SQL, scoped IP ownership, root-controlled configuration/credential files, OLS no-store reveal, sandboxed template preview. 247 route/service/whitelist, 81 network, 23 dispatch/reconcile, 77 lifecycle/package, 57 mailqueue/template/IP/OLS, 36 monitor/audit tests; 251 audit-export/role tests. See SECURITY-AUDIT-REVIEW-2026-09-24.md for deployment and limitations."
rpc,mailqueue.delete_all,daemon/mailqueue.py,delete_all,kernel-peer-uid; root-credential; policy=global_admin,reviewed-tested,"Manual router-to-handler review: admin-only root policy, fixed command/service allowlists, validated identifiers/CIDRs/settings, bound SQL, scoped IP ownership, root-controlled configuration/credential files, OLS no-store reveal, sandboxed template preview. 247 route/service/whitelist, 81 network, 23 dispatch/reconcile, 77 lifecycle/package, 57 mailqueue/template/IP/OLS, 36 monitor/audit tests; 251 audit-export/role tests. See SECURITY-AUDIT-REVIEW-2026-09-24.md for deployment and limitations."
rpc,mailqueue.flush,daemon/mailqueue.py,flush_message,kernel-peer-uid; root-credential; policy=global_admin,reviewed-tested,"Manual router-to-handler review: admin-only root policy, fixed command/service allowlists, validated identifiers/CIDRs/settings, bound SQL, scoped IP ownership, root-controlled configuration/credential files, OLS no-store reveal, sandboxed template preview. 247 route/service/whitelist, 81 network, 23 dispatch/reconcile, 77 lifecycle/package, 57 mailqueue/template/IP/OLS, 36 monitor/audit tests; 251 audit-export/role tests. See SECURITY-AUDIT-REVIEW-2026-09-24.md for deployment and limitations."
rpc,mailqueue.flush_all,daemon/mailqueue.py,flush_all,kernel-peer-uid; root-credential; policy=global_admin,reviewed-tested,"Manual router-to-handler review: admin-only root policy, fixed command/service allowlists, validated identifiers/CIDRs/settings, bound SQL, scoped IP ownership, root-controlled configuration/credential files, OLS no-store reveal, sandboxed template preview. 247 route/service/whitelist, 81 network, 23 dispatch/reconcile, 77 lifecycle/package, 57 mailqueue/template/IP/OLS, 36 monitor/audit tests; 251 audit-export/role tests. See SECURITY-AUDIT-REVIEW-2026-09-24.md for deployment and limitations."
rpc,mailqueue.list,daemon/mailqueue.py,list_queue,kernel-peer-uid; root-credential; policy=global_admin,reviewed-tested,"Manual router-to-handler review: admin-only root policy, fixed command/service allowlists, validated identifiers/CIDRs/settings, bound SQL, scoped IP ownership, root-controlled configuration/credential files, OLS no-store reveal, sandboxed template preview. 247 route/service/whitelist, 81 network, 23 dispatch/reconcile, 77 lifecycle/package, 57 mailqueue/template/IP/OLS, 36 monitor/audit tests; 251 audit-export/role tests. See SECURITY-AUDIT-REVIEW-2026-09-24.md for deployment and limitations."
rpc,maintenance.get,daemon/handlers_maintenance.py,get_maintenance,kernel-peer-uid; root-credential; policy=account_and_domain,reviewed-tested,"Source: account/domain binding, row scopes, redirect/status/CIDR/allowlist validation, OLS rule interpolation, escaped maintenance HTML, generated bypass token and private custom-page writer; 204 grouped route/policy/domain tests. Failed OLS applies return errors; DB retains desired settings (not a claim of transactional rollback)."
rpc,maintenance.list_active,daemon/handlers_maintenance.py,list_active_maintenance,kernel-peer-uid; root-credential; policy=global_admin,reviewed-tested,"Source: account/domain binding, row scopes, redirect/status/CIDR/allowlist validation, OLS rule interpolation, escaped maintenance HTML, generated bypass token and private custom-page writer; 204 grouped route/policy/domain tests. Failed OLS applies return errors; DB retains desired settings (not a claim of transactional rollback)."
rpc,maintenance.set,daemon/handlers_maintenance.py,set_maintenance,kernel-peer-uid; root-credential; policy=account_and_domain,reviewed-tested,"Source: account/domain binding, row scopes, redirect/status/CIDR/allowlist validation, OLS rule interpolation, escaped maintenance HTML, generated bypass token and private custom-page writer; 204 grouped route/policy/domain tests. Failed OLS applies return errors; DB retains desired settings (not a claim of transactional rollback)."
rpc,maintenance.sweep_expired,daemon/server.py,<lambda>,kernel-peer-uid; root-credential; policy=root_internal,pending,
rpc,malware.engine.status,daemon/malware.py,engine_status,kernel-peer-uid; root-credential; policy=global_admin,reviewed-fixed,SECURITY-AUDIT-REVIEW-2026-09-24.md; scanner-cloudflare-review.log (119 passed); php-extension-path-security.log (25 passed); old PHP path escape reproduced in isolated fixture. Root ownership policies and role checks reviewed; final release gate separate.
rpc,malware.finding.ignore,daemon/malware.py,ignore,kernel-peer-uid; root-credential; policy=account_username,reviewed-fixed,SECURITY-AUDIT-REVIEW-2026-09-24.md; scanner-cloudflare-review.log (119 passed); php-extension-path-security.log (25 passed); old PHP path escape reproduced in isolated fixture. Root ownership policies and role checks reviewed; final release gate separate.
rpc,malware.finding.list,daemon/malware.py,list_findings,kernel-peer-uid; root-credential; policy=mixed_admin_or_account,reviewed-fixed,SECURITY-AUDIT-REVIEW-2026-09-24.md; scanner-cloudflare-review.log (119 passed); php-extension-path-security.log (25 passed); old PHP path escape reproduced in isolated fixture. Root ownership policies and role checks reviewed; final release gate separate.
rpc,malware.finding.quarantine,daemon/malware.py,quarantine,kernel-peer-uid; root-credential; policy=account_username,reviewed-fixed,SECURITY-AUDIT-REVIEW-2026-09-24.md; scanner-cloudflare-review.log (119 passed); php-extension-path-security.log (25 passed); old PHP path escape reproduced in isolated fixture. Root ownership policies and role checks reviewed; final release gate separate.
rpc,malware.finding.restore,daemon/malware.py,restore,kernel-peer-uid; root-credential; policy=account_username,reviewed-fixed,SECURITY-AUDIT-REVIEW-2026-09-24.md; scanner-cloudflare-review.log (119 passed); php-extension-path-security.log (25 passed); old PHP path escape reproduced in isolated fixture. Root ownership policies and role checks reviewed; final release gate separate.
rpc,malware.scan.get,daemon/malware.py,get_scan,kernel-peer-uid; root-credential; policy=account_username,reviewed-fixed,SECURITY-AUDIT-REVIEW-2026-09-24.md; scanner-cloudflare-review.log (119 passed); php-extension-path-security.log (25 passed); old PHP path escape reproduced in isolated fixture. Root ownership policies and role checks reviewed; final release gate separate.
rpc,malware.scan.list,daemon/malware.py,list_scans,kernel-peer-uid; root-credential; policy=mixed_admin_or_account,reviewed-fixed,SECURITY-AUDIT-REVIEW-2026-09-24.md; scanner-cloudflare-review.log (119 passed); php-extension-path-security.log (25 passed); old PHP path escape reproduced in isolated fixture. Root ownership policies and role checks reviewed; final release gate separate.
rpc,malware.scan.start,daemon/malware.py,trigger_scan,kernel-peer-uid; root-credential; policy=account_username,reviewed-fixed,SECURITY-AUDIT-REVIEW-2026-09-24.md; scanner-cloudflare-review.log (119 passed); php-extension-path-security.log (25 passed); old PHP path escape reproduced in isolated fixture. Root ownership policies and role checks reviewed; final release gate separate.
rpc,monitoring.check,daemon/monitoring.py,check_services,kernel-peer-uid; root-credential; policy=global_admin,reviewed-tested,SECURITY-AUDIT-REVIEW-2026-09-24.md; lifecycle-dns-review-tests.log (140 passed); outbound-security-tests.log (227 passed); root RPC role/ownership matrix. Deployment acceptance separate.
rpc,monitoring.history,daemon/monitoring.py,get_history,kernel-peer-uid; root-credential; policy=global_admin,reviewed-tested,SECURITY-AUDIT-REVIEW-2026-09-24.md; lifecycle-dns-review-tests.log (140 passed); outbound-security-tests.log (227 passed); root RPC role/ownership matrix. Deployment acceptance separate.
rpc,monitoring.settings.get,daemon/monitoring.py,get_settings,kernel-peer-uid; root-credential; policy=global_admin,reviewed-tested,SECURITY-AUDIT-REVIEW-2026-09-24.md; lifecycle-dns-review-tests.log (140 passed); outbound-security-tests.log (227 passed); root RPC role/ownership matrix. Deployment acceptance separate.
rpc,monitoring.settings.set,daemon/monitoring.py,set_settings,kernel-peer-uid; root-credential; policy=global_admin,reviewed-tested,SECURITY-AUDIT-REVIEW-2026-09-24.md; lifecycle-dns-review-tests.log (140 passed); outbound-security-tests.log (227 passed); root RPC role/ownership matrix. Deployment acceptance separate.
rpc,nameservers.list,daemon/nameservers.py,list_nameservers,kernel-peer-uid; root-credential; policy=account_and_domain,reviewed-tested,SECURITY-AUDIT-REVIEW-2026-09-24.md; lifecycle-dns-review-tests.log (140 passed); outbound-security-tests.log (227 passed); root RPC role/ownership matrix. Deployment acceptance separate.
rpc,nameservers.reset,daemon/nameservers.py,reset_nameservers,kernel-peer-uid; root-credential; policy=account_and_domain,reviewed-tested,SECURITY-AUDIT-REVIEW-2026-09-24.md; lifecycle-dns-review-tests.log (140 passed); outbound-security-tests.log (227 passed); root RPC role/ownership matrix. Deployment acceptance separate.
rpc,nameservers.set,daemon/nameservers.py,set_nameservers,kernel-peer-uid; root-credential; policy=account_and_domain,reviewed-tested,SECURITY-AUDIT-REVIEW-2026-09-24.md; lifecycle-dns-review-tests.log (140 passed); outbound-security-tests.log (227 passed); root RPC role/ownership matrix. Deployment acceptance separate.
rpc,namespace.bulk_enable.get,daemon/nsisolation.py,get_bulk_enable_job,kernel-peer-uid; root-credential; policy=global_admin,pending,
rpc,namespace.bulk_enable.trigger,daemon/nsisolation.py,trigger_bulk_enable,kernel-peer-uid; root-credential; policy=global_admin,pending,
rpc,namespace.disable,daemon/nsisolation.py,disable_namespace,kernel-peer-uid; root-credential; policy=admin_account_username,pending,
rpc,namespace.enable,daemon/nsisolation.py,enable_namespace,kernel-peer-uid; root-credential; policy=admin_account_username,pending,
rpc,namespace.health_summary,daemon/nsisolation.py,health_summary,kernel-peer-uid; root-credential; policy=global_admin,pending,
rpc,namespace.status,daemon/nsisolation.py,namespace_status,kernel-peer-uid; root-credential; policy=account_username,pending,
rpc,notes.add,daemon/handlers_notes.py,add_note,kernel-peer-uid; root-credential; policy=global_admin,reviewed-fixed,Source role/query/output review; author stamped by verified root principal; tests/test_feature_scope_review.py; test_notes.py; test_rpc_dispatch_security.py
rpc,notes.list,daemon/handlers_notes.py,list_notes,kernel-peer-uid; root-credential; policy=global_admin,reviewed-fixed,Source role/query/output review; author stamped by verified root principal; tests/test_feature_scope_review.py; test_notes.py; test_rpc_dispatch_security.py
rpc,notifications.prefs.get,daemon/notifications.py,get_prefs,kernel-peer-uid; root-credential; policy=account_username,reviewed-tested,SECURITY-AUDIT-REVIEW-2026-09-24.md; final-auth-boundaries.log (76 passed); notification-mfa-review.log (273 passed); lifecycle-dns-review-tests.log (140 passed); explicit role/owner checks reviewed.
rpc,notifications.prefs.set,daemon/notifications.py,set_prefs,kernel-peer-uid; root-credential; policy=account_username,reviewed-tested,SECURITY-AUDIT-REVIEW-2026-09-24.md; final-auth-boundaries.log (76 passed); notification-mfa-review.log (273 passed); lifecycle-dns-review-tests.log (140 passed); explicit role/owner checks reviewed.
rpc,notifications.settings.get,daemon/notifications.py,get_settings,kernel-peer-uid; root-credential; policy=global_admin,reviewed-tested,SECURITY-AUDIT-REVIEW-2026-09-24.md; final-auth-boundaries.log (76 passed); notification-mfa-review.log (273 passed); lifecycle-dns-review-tests.log (140 passed); explicit role/owner checks reviewed.
rpc,notifications.settings.set,daemon/notifications.py,set_settings,kernel-peer-uid; root-credential; policy=global_admin,reviewed-tested,SECURITY-AUDIT-REVIEW-2026-09-24.md; final-auth-boundaries.log (76 passed); notification-mfa-review.log (273 passed); lifecycle-dns-review-tests.log (140 passed); explicit role/owner checks reviewed.
rpc,ols.admin.password.reset,daemon/ols.py,reset_admin_password,kernel-peer-uid; root-credential; policy=global_admin,reviewed-tested,"Manual router-to-handler review: admin-only root policy, fixed command/service allowlists, validated identifiers/CIDRs/settings, bound SQL, scoped IP ownership, root-controlled configuration/credential files, OLS no-store reveal, sandboxed template preview. 247 route/service/whitelist, 81 network, 23 dispatch/reconcile, 77 lifecycle/package, 57 mailqueue/template/IP/OLS, 36 monitor/audit tests; 251 audit-export/role tests. See SECURITY-AUDIT-REVIEW-2026-09-24.md for deployment and limitations."
rpc,ols.admin.password.reveal,daemon/ols.py,reveal_admin_password,kernel-peer-uid; root-credential; policy=global_admin,reviewed-tested,"Manual router-to-handler review: admin-only root policy, fixed command/service allowlists, validated identifiers/CIDRs/settings, bound SQL, scoped IP ownership, root-controlled configuration/credential files, OLS no-store reveal, sandboxed template preview. 247 route/service/whitelist, 81 network, 23 dispatch/reconcile, 77 lifecycle/package, 57 mailqueue/template/IP/OLS, 36 monitor/audit tests; 251 audit-export/role tests. See SECURITY-AUDIT-REVIEW-2026-09-24.md for deployment and limitations."
rpc,ols.admin.reload,daemon/ols.py,graceful_reload,kernel-peer-uid; root-credential; policy=global_admin,reviewed-tested,"Manual router-to-handler review: admin-only root policy, fixed command/service allowlists, validated identifiers/CIDRs/settings, bound SQL, scoped IP ownership, root-controlled configuration/credential files, OLS no-store reveal, sandboxed template preview. 247 route/service/whitelist, 81 network, 23 dispatch/reconcile, 77 lifecycle/package, 57 mailqueue/template/IP/OLS, 36 monitor/audit tests; 251 audit-export/role tests. See SECURITY-AUDIT-REVIEW-2026-09-24.md for deployment and limitations."
rpc,ols.admin.settings.update,daemon/ols.py,update_admin_settings,kernel-peer-uid; root-credential; policy=global_admin,reviewed-tested,"Manual router-to-handler review: admin-only root policy, fixed command/service allowlists, validated identifiers/CIDRs/settings, bound SQL, scoped IP ownership, root-controlled configuration/credential files, OLS no-store reveal, sandboxed template preview. 247 route/service/whitelist, 81 network, 23 dispatch/reconcile, 77 lifecycle/package, 57 mailqueue/template/IP/OLS, 36 monitor/audit tests; 251 audit-export/role tests. See SECURITY-AUDIT-REVIEW-2026-09-24.md for deployment and limitations."
rpc,ols.admin.status,daemon/ols.py,admin_status,kernel-peer-uid; root-credential; policy=global_admin,reviewed-tested,"Manual router-to-handler review: admin-only root policy, fixed command/service allowlists, validated identifiers/CIDRs/settings, bound SQL, scoped IP ownership, root-controlled configuration/credential files, OLS no-store reveal, sandboxed template preview. 247 route/service/whitelist, 81 network, 23 dispatch/reconcile, 77 lifecycle/package, 57 mailqueue/template/IP/OLS, 36 monitor/audit tests; 251 audit-export/role tests. See SECURITY-AUDIT-REVIEW-2026-09-24.md for deployment and limitations."
rpc,onboarding.get,daemon/onboarding.py,get_onboarding,kernel-peer-uid; root-credential; policy=account_username,reviewed-tested,Source account/query/output review; tests/test_feature_scope_review.py and test_onboarding.py; owner success; peer and anonymous denial
rpc,onboarding.set,daemon/onboarding.py,set_onboarding,kernel-peer-uid; root-credential; policy=account_username,reviewed-tested,Source account/query/output review; tests/test_feature_scope_review.py and test_onboarding.py; owner success; peer and anonymous denial
rpc,panel.config.start,daemon/panel_jobs.py,start,kernel-peer-uid; root-credential; policy=global_admin,reviewed-tested,"Admin-only listener jobs; root-private recovery journal, bounded queue, listener checks and rollback; remaining-admin-mail-review.log"
rpc,panel.config.status,daemon/panel_jobs.py,status,kernel-peer-uid; root-credential; policy=global_admin,reviewed-tested,"Admin-only listener jobs; root-private recovery journal, bounded queue, listener checks and rollback; remaining-admin-mail-review.log"
rpc,panel_user.create,daemon/handlers_auth.py,create_panel_user,kernel-peer-uid; root-credential; policy=root_internal,reviewed-fixed,"auth/session/TOTP/RPC authority: 82 focused tests passed; hashed sessions, root-side login protocol, token admin checks, TOTP replay/recovery serialization, live VM login smoke"
rpc,panel_user.set_password,daemon/handlers_auth.py,set_panel_user_password,kernel-peer-uid; root-credential; policy=self_with_current_password_or_admin,reviewed-fixed,"auth/session/TOTP/RPC authority: 82 focused tests passed; hashed sessions, root-side login protocol, token admin checks, TOTP replay/recovery serialization, live VM login smoke"
rpc,parked.add,daemon/parked.py,add_parked_domain,kernel-peer-uid; root-credential; policy=account_username,pending,
rpc,parked.list,daemon/parked.py,list_parked_domains,kernel-peer-uid; root-credential; policy=account_username,reviewed-tested,SECURITY-AUDIT-REVIEW-2026-09-24.md; lifecycle-dns-review-tests.log (140 passed); outbound-security-tests.log (227 passed); root RPC role/ownership matrix. Deployment acceptance separate.
rpc,parked.remove,daemon/parked.py,remove_parked_domain,kernel-peer-uid; root-credential; policy=account_username,reviewed-tested,SECURITY-AUDIT-REVIEW-2026-09-24.md; lifecycle-dns-review-tests.log (140 passed); outbound-security-tests.log (227 passed); root RPC role/ownership matrix. Deployment acceptance separate.
rpc,php_ext.list,daemon/phpext.py,list_extensions,kernel-peer-uid; root-credential; policy=account_username,reviewed-fixed,SECURITY-AUDIT-REVIEW-2026-09-24.md; scanner-cloudflare-review.log (119 passed); php-extension-path-security.log (25 passed); old PHP path escape reproduced in isolated fixture. Root ownership policies and role checks reviewed; final release gate separate.
rpc,php_ext.reset,daemon/phpext.py,reset_extensions,kernel-peer-uid; root-credential; policy=account_username,reviewed-fixed,BSA-2026-070; php-extension-path-security.log:25 passed; no-follow descriptor canaries
rpc,php_ext.set,daemon/phpext.py,set_extensions,kernel-peer-uid; root-credential; policy=account_username,reviewed-fixed,BSA-2026-070; php-extension-path-security.log:25 passed; no-follow descriptor canaries
rpc,php_functions.delete,daemon/phpfunctions.py,delete_override,kernel-peer-uid; root-credential; policy=global_admin,reviewed-tested,SECURITY-AUDIT-REVIEW-2026-09-24.md; scanner-cloudflare-review.log (119 passed); php-extension-path-security.log (25 passed); old PHP path escape reproduced in isolated fixture. Root ownership policies and role checks reviewed; final release gate separate.
rpc,php_functions.get,daemon/phpfunctions.py,get_overrides,kernel-peer-uid; root-credential; policy=global_admin,reviewed-tested,SECURITY-AUDIT-REVIEW-2026-09-24.md; scanner-cloudflare-review.log (119 passed); php-extension-path-security.log (25 passed); old PHP path escape reproduced in isolated fixture. Root ownership policies and role checks reviewed; final release gate separate.
rpc,php_functions.set,daemon/phpfunctions.py,set_override,kernel-peer-uid; root-credential; policy=global_admin,reviewed-tested,SECURITY-AUDIT-REVIEW-2026-09-24.md; scanner-cloudflare-review.log (119 passed); php-extension-path-security.log (25 passed); old PHP path escape reproduced in isolated fixture. Root ownership policies and role checks reviewed; final release gate separate.
rpc,php_ini.get,daemon/handlers_php_ini.py,get_php_ini,kernel-peer-uid; root-credential; policy=account_username,reviewed-tested,SECURITY-AUDIT-REVIEW-2026-09-24.md; scanner-cloudflare-review.log (119 passed); php-extension-path-security.log (25 passed); old PHP path escape reproduced in isolated fixture. Root ownership policies and role checks reviewed; final release gate separate.
rpc,php_ini.reset,daemon/handlers_php_ini.py,reset_php_ini,kernel-peer-uid; root-credential; policy=account_username,reviewed-tested,"scanner-cloudflare-review.log:119 passed; account scoping, directive validation and safe file writes"
rpc,php_ini.set,daemon/handlers_php_ini.py,set_php_ini,kernel-peer-uid; root-credential; policy=account_username,reviewed-tested,"scanner-cloudflare-review.log:119 passed; account scoping, directive validation and safe file writes"
rpc,plan.apply,daemon/plans.py,apply_plan,kernel-peer-uid; root-credential; policy=global_admin,reviewed-fixed,"Manual router-to-handler review: admin-only root policy, fixed command/service allowlists, validated identifiers/CIDRs/settings, bound SQL, scoped IP ownership, root-controlled configuration/credential files, OLS no-store reveal, sandboxed template preview. 247 route/service/whitelist, 81 network, 23 dispatch/reconcile, 77 lifecycle/package, 57 mailqueue/template/IP/OLS, 36 monitor/audit tests; 251 audit-export/role tests. See SECURITY-AUDIT-REVIEW-2026-09-24.md for deployment and limitations."
rpc,plan.create,daemon/plans.py,create_plan,kernel-peer-uid; root-credential; policy=global_admin,reviewed-fixed,"Manual router-to-handler review: admin-only root policy, fixed command/service allowlists, validated identifiers/CIDRs/settings, bound SQL, scoped IP ownership, root-controlled configuration/credential files, OLS no-store reveal, sandboxed template preview. 247 route/service/whitelist, 81 network, 23 dispatch/reconcile, 77 lifecycle/package, 57 mailqueue/template/IP/OLS, 36 monitor/audit tests; 251 audit-export/role tests. See SECURITY-AUDIT-REVIEW-2026-09-24.md for deployment and limitations."
rpc,plan.delete,daemon/plans.py,delete_plan,kernel-peer-uid; root-credential; policy=global_admin,reviewed-fixed,"Manual router-to-handler review: admin-only root policy, fixed command/service allowlists, validated identifiers/CIDRs/settings, bound SQL, scoped IP ownership, root-controlled configuration/credential files, OLS no-store reveal, sandboxed template preview. 247 route/service/whitelist, 81 network, 23 dispatch/reconcile, 77 lifecycle/package, 57 mailqueue/template/IP/OLS, 36 monitor/audit tests; 251 audit-export/role tests. See SECURITY-AUDIT-REVIEW-2026-09-24.md for deployment and limitations."
rpc,plan.get,daemon/plans.py,get_plan,kernel-peer-uid; root-credential; policy=global_admin,reviewed-fixed,"Manual router-to-handler review: admin-only root policy, fixed command/service allowlists, validated identifiers/CIDRs/settings, bound SQL, scoped IP ownership, root-controlled configuration/credential files, OLS no-store reveal, sandboxed template preview. 247 route/service/whitelist, 81 network, 23 dispatch/reconcile, 77 lifecycle/package, 57 mailqueue/template/IP/OLS, 36 monitor/audit tests; 251 audit-export/role tests. See SECURITY-AUDIT-REVIEW-2026-09-24.md for deployment and limitations."
rpc,plan.list,daemon/plans.py,list_plans,kernel-peer-uid; root-credential; policy=global_admin,reviewed-fixed,"Manual router-to-handler review: admin-only root policy, fixed command/service allowlists, validated identifiers/CIDRs/settings, bound SQL, scoped IP ownership, root-controlled configuration/credential files, OLS no-store reveal, sandboxed template preview. 247 route/service/whitelist, 81 network, 23 dispatch/reconcile, 77 lifecycle/package, 57 mailqueue/template/IP/OLS, 36 monitor/audit tests; 251 audit-export/role tests. See SECURITY-AUDIT-REVIEW-2026-09-24.md for deployment and limitations."
rpc,plan.update,daemon/plans.py,update_plan,kernel-peer-uid; root-credential; policy=global_admin,reviewed-fixed,"Manual router-to-handler review: admin-only root policy, fixed command/service allowlists, validated identifiers/CIDRs/settings, bound SQL, scoped IP ownership, root-controlled configuration/credential files, OLS no-store reveal, sandboxed template preview. 247 route/service/whitelist, 81 network, 23 dispatch/reconcile, 77 lifecycle/package, 57 mailqueue/template/IP/OLS, 36 monitor/audit tests; 251 audit-export/role tests. See SECURITY-AUDIT-REVIEW-2026-09-24.md for deployment and limitations."
rpc,pma.token.create,daemon/pma.py,create_token,kernel-peer-uid; root-credential; policy=account_username,reviewed-fixed,"PMA token hardening: 18 PMA unit/sign-on tests plus 1 exact-grant MariaDB test; VM token canary minted temp DB token, verified 0640 regular token file, expired cleanup dropped ephemeral DB user/file/row and dropped temp DB; primary hash deployed"
rpc,portable.export.prepare,daemon/portable_archive.py,prepare_download,kernel-peer-uid; root-credential; policy=global_admin,reviewed-fixed,BSA-2026-077/078: cPanel and portable import source review; import-boundary-tests.log 66 passed; import-link-cycle-test.log; VM import-path acceptance canaries.
rpc,portable.import.get,daemon/portable_archive.py,get_job,kernel-peer-uid; root-credential; policy=global_admin,reviewed-fixed,BSA-2026-077/078: cPanel and portable import source review; import-boundary-tests.log 66 passed; import-link-cycle-test.log; VM import-path acceptance canaries.
rpc,portable.import.list,daemon/portable_archive.py,list_jobs,kernel-peer-uid; root-credential; policy=global_admin,reviewed-fixed,BSA-2026-077/078: cPanel and portable import source review; import-boundary-tests.log 66 passed; import-link-cycle-test.log; VM import-path acceptance canaries.
rpc,portable.import.trigger,daemon/portable_archive.py,trigger_import,kernel-peer-uid; root-credential; policy=global_admin,reviewed-fixed,BSA-2026-077/078: cPanel and portable import source review; import-boundary-tests.log 66 passed; import-link-cycle-test.log; VM import-path acceptance canaries.
rpc,processes.kill,daemon/procmanager.py,kill_process,kernel-peer-uid; root-credential; policy=account_username,reviewed-fixed,BSA-2026-079: process RPC source review; process/dns/namespace focused suite 57 passed; VM process-signal kernel boundary canary.
rpc,processes.list,daemon/procmanager.py,list_processes,kernel-peer-uid; root-credential; policy=account_username,reviewed-fixed,BSA-2026-079: process RPC source review; process/dns/namespace focused suite 57 passed; VM process-signal kernel boundary canary.
rpc,redirect.create,daemon/handlers_redirect.py,create_redirect,kernel-peer-uid; root-credential; policy=account_and_domain,reviewed-tested,"Source: account/domain binding, row scopes, redirect/status/CIDR/allowlist validation, OLS rule interpolation, escaped maintenance HTML, generated bypass token and private custom-page writer; 204 grouped route/policy/domain tests. Failed OLS applies return errors; DB retains desired settings (not a claim of transactional rollback)."
rpc,redirect.delete,daemon/handlers_redirect.py,delete_redirect,kernel-peer-uid; root-credential; policy=account_and_domain,reviewed-tested,"Source: account/domain binding, row scopes, redirect/status/CIDR/allowlist validation, OLS rule interpolation, escaped maintenance HTML, generated bypass token and private custom-page writer; 204 grouped route/policy/domain tests. Failed OLS applies return errors; DB retains desired settings (not a claim of transactional rollback)."
rpc,redirect.list,daemon/handlers_redirect.py,list_redirects,kernel-peer-uid; root-credential; policy=account_and_domain,reviewed-tested,"Source: account/domain binding, row scopes, redirect/status/CIDR/allowlist validation, OLS rule interpolation, escaped maintenance HTML, generated bypass token and private custom-page writer; 204 grouped route/policy/domain tests. Failed OLS applies return errors; DB retains desired settings (not a claim of transactional rollback)."
rpc,redirect.update,daemon/handlers_redirect.py,update_redirect,kernel-peer-uid; root-credential; policy=account_and_domain,reviewed-tested,"Source: account/domain binding, row scopes, redirect/status/CIDR/allowlist validation, OLS rule interpolation, escaped maintenance HTML, generated bypass token and private custom-page writer; 204 grouped route/policy/domain tests. Failed OLS applies return errors; DB retains desired settings (not a claim of transactional rollback)."
rpc,redis.connection_info,daemon/redisacct.py,get_connection_info,kernel-peer-uid; root-credential; policy=account_username,reviewed-fixed,"Source: account/app ID binding, command UID, validators, root-owned unit/env, BEGIN IMMEDIATE shared port allocation, encrypted environment and teardown; bbe5cbe/3a309e9; 66 application plus 40 command tests; 204 grouped route/policy/domain tests; real Redis socket UID canary. Generated-unit log canary recorded under BSA-2026-048."
rpc,redis.disable,daemon/redisacct.py,disable_redis,kernel-peer-uid; root-credential; policy=account_username,reviewed-fixed,"Source: account/app ID binding, command UID, validators, root-owned unit/env, BEGIN IMMEDIATE shared port allocation, encrypted environment and teardown; bbe5cbe/3a309e9; 66 application plus 40 command tests; 204 grouped route/policy/domain tests; real Redis socket UID canary. Generated-unit log canary recorded under BSA-2026-048."
rpc,redis.enable,daemon/redisacct.py,enable_redis,kernel-peer-uid; root-credential; policy=account_username,reviewed-fixed,"Source: account/app ID binding, command UID, validators, root-owned unit/env, BEGIN IMMEDIATE shared port allocation, encrypted environment and teardown; bbe5cbe/3a309e9; 66 application plus 40 command tests; 204 grouped route/policy/domain tests; real Redis socket UID canary. Generated-unit log canary recorded under BSA-2026-048."
rpc,redis.flush,daemon/redisacct.py,flush,kernel-peer-uid; root-credential; policy=account_username,reviewed-fixed,"Source: account/app ID binding, command UID, validators, root-owned unit/env, BEGIN IMMEDIATE shared port allocation, encrypted environment and teardown; bbe5cbe/3a309e9; 66 application plus 40 command tests; 204 grouped route/policy/domain tests; real Redis socket UID canary. Generated-unit log canary recorded under BSA-2026-048."
rpc,redis.set_mem_limit,daemon/redisacct.py,set_mem_limit,kernel-peer-uid; root-credential; policy=account_username,reviewed-fixed,"Source: account/app ID binding, command UID, validators, root-owned unit/env, BEGIN IMMEDIATE shared port allocation, encrypted environment and teardown; bbe5cbe/3a309e9; 66 application plus 40 command tests; 204 grouped route/policy/domain tests; real Redis socket UID canary. Generated-unit log canary recorded under BSA-2026-048."
rpc,redis.status,daemon/redisacct.py,get_status,kernel-peer-uid; root-credential; policy=account_username,reviewed-fixed,"Source: account/app ID binding, command UID, validators, root-owned unit/env, BEGIN IMMEDIATE shared port allocation, encrypted environment and teardown; bbe5cbe/3a309e9; 66 application plus 40 command tests; 204 grouped route/policy/domain tests; real Redis socket UID canary. Generated-unit log canary recorded under BSA-2026-048."
rpc,reseller.account.create,daemon/resellers.py,create_account,kernel-peer-uid; root-credential; policy=reseller_self_or_owned_account,reviewed-tested,SECURITY-AUDIT-REVIEW-2026-09-24.md; lifecycle-dns-review-tests.log (140 passed); outbound-security-tests.log (227 passed); root RPC role/ownership matrix. Deployment acceptance separate.
rpc,reseller.account.lifecycle,daemon/resellers.py,lifecycle,kernel-peer-uid; root-credential; policy=reseller_self_or_owned_account,reviewed-tested,SECURITY-AUDIT-REVIEW-2026-09-24.md; lifecycle-dns-review-tests.log (140 passed); outbound-security-tests.log (227 passed); root RPC role/ownership matrix. Deployment acceptance separate.
rpc,reseller.create,daemon/resellers.py,create_reseller,kernel-peer-uid; root-credential; policy=global_admin,reviewed-tested,SECURITY-AUDIT-REVIEW-2026-09-24.md; lifecycle-dns-review-tests.log (140 passed); outbound-security-tests.log (227 passed); root RPC role/ownership matrix. Deployment acceptance separate.
rpc,reseller.dashboard,daemon/resellers.py,dashboard,kernel-peer-uid; root-credential; policy=reseller_self_or_owned_account,reviewed-tested,SECURITY-AUDIT-REVIEW-2026-09-24.md; lifecycle-dns-review-tests.log (140 passed); outbound-security-tests.log (227 passed); root RPC role/ownership matrix. Deployment acceptance separate.
rpc,reseller.list,daemon/resellers.py,list_resellers,kernel-peer-uid; root-credential; policy=global_admin,reviewed-tested,SECURITY-AUDIT-REVIEW-2026-09-24.md; lifecycle-dns-review-tests.log (140 passed); outbound-security-tests.log (227 passed); root RPC role/ownership matrix. Deployment acceptance separate.
rpc,reseller.plan.create,daemon/resellers.py,create_plan,kernel-peer-uid; root-credential; policy=global_admin,reviewed-tested,SECURITY-AUDIT-REVIEW-2026-09-24.md; lifecycle-dns-review-tests.log (140 passed); outbound-security-tests.log (227 passed); root RPC role/ownership matrix. Deployment acceptance separate.
rpc,reseller.plan.delete,daemon/resellers.py,delete_plan,kernel-peer-uid; root-credential; policy=global_admin,reviewed-tested,SECURITY-AUDIT-REVIEW-2026-09-24.md; lifecycle-dns-review-tests.log (140 passed); outbound-security-tests.log (227 passed); root RPC role/ownership matrix. Deployment acceptance separate.
rpc,reseller.plan.list,daemon/resellers.py,list_plans,kernel-peer-uid; root-credential; policy=global_admin,reviewed-tested,SECURITY-AUDIT-REVIEW-2026-09-24.md; lifecycle-dns-review-tests.log (140 passed); outbound-security-tests.log (227 passed); root RPC role/ownership matrix. Deployment acceptance separate.
rpc,reseller.plan.update,daemon/resellers.py,update_plan,kernel-peer-uid; root-credential; policy=global_admin,reviewed-tested,SECURITY-AUDIT-REVIEW-2026-09-24.md; lifecycle-dns-review-tests.log (140 passed); outbound-security-tests.log (227 passed); root RPC role/ownership matrix. Deployment acceptance separate.
rpc,reseller.update,daemon/resellers.py,update_reseller,kernel-peer-uid; root-credential; policy=global_admin,reviewed-tested,SECURITY-AUDIT-REVIEW-2026-09-24.md; lifecycle-dns-review-tests.log (140 passed); outbound-security-tests.log (227 passed); root RPC role/ownership matrix. Deployment acceptance separate.
rpc,services.control,daemon/servicemgr.py,control_service,kernel-peer-uid; root-credential; policy=global_admin,reviewed-tested,"Manual router-to-handler review: admin-only root policy, fixed command/service allowlists, validated identifiers/CIDRs/settings, bound SQL, scoped IP ownership, root-controlled configuration/credential files, OLS no-store reveal, sandboxed template preview. 247 route/service/whitelist, 81 network, 23 dispatch/reconcile, 77 lifecycle/package, 57 mailqueue/template/IP/OLS, 36 monitor/audit tests; 251 audit-export/role tests. See SECURITY-AUDIT-REVIEW-2026-09-24.md for deployment and limitations."
rpc,services.list,daemon/servicemgr.py,list_services,kernel-peer-uid; root-credential; policy=global_admin,reviewed-tested,"Manual router-to-handler review: admin-only root policy, fixed command/service allowlists, validated identifiers/CIDRs/settings, bound SQL, scoped IP ownership, root-controlled configuration/credential files, OLS no-store reveal, sandboxed template preview. 247 route/service/whitelist, 81 network, 23 dispatch/reconcile, 77 lifecycle/package, 57 mailqueue/template/IP/OLS, 36 monitor/audit tests; 251 audit-export/role tests. See SECURITY-AUDIT-REVIEW-2026-09-24.md for deployment and limitations."
rpc,services.status,daemon/servicemgr.py,get_service,kernel-peer-uid; root-credential; policy=global_admin,reviewed-tested,"Manual router-to-handler review: admin-only root policy, fixed command/service allowlists, validated identifiers/CIDRs/settings, bound SQL, scoped IP ownership, root-controlled configuration/credential files, OLS no-store reveal, sandboxed template preview. 247 route/service/whitelist, 81 network, 23 dispatch/reconcile, 77 lifecycle/package, 57 mailqueue/template/IP/OLS, 36 monitor/audit tests; 251 audit-export/role tests. See SECURITY-AUDIT-REVIEW-2026-09-24.md for deployment and limitations."
rpc,sitestats.admin_summary,daemon/sitestats.py,get_admin_summary,kernel-peer-uid; root-credential; policy=global_admin,reviewed-fixed,"Source review plus 41 SSL tests, 8 final real-VM ACME hook tests, actual hosted/webmail HTTP challenge success/cleanup, locked idempotent renewal migration on both servers; 47 VM reporting tests, 24 focused parser/ownership cases, 25 HTTP/root scope cases. See SECURITY-AUDIT-REVIEW-2026-09-24.md for resource budgets and limitations."
rpc,sitestats.configure_geoip,daemon/sitestats.py,configure_geoip,kernel-peer-uid; root-credential; policy=global_admin,reviewed-fixed,"Source review plus 41 SSL tests, 8 final real-VM ACME hook tests, actual hosted/webmail HTTP challenge success/cleanup, locked idempotent renewal migration on both servers; 47 VM reporting tests, 24 focused parser/ownership cases, 25 HTTP/root scope cases. See SECURITY-AUDIT-REVIEW-2026-09-24.md for resource budgets and limitations."
rpc,sitestats.get,daemon/sitestats.py,get_stats,kernel-peer-uid; root-credential; policy=account_and_domain,reviewed-fixed,"Source review plus 41 SSL tests, 8 final real-VM ACME hook tests, actual hosted/webmail HTTP challenge success/cleanup, locked idempotent renewal migration on both servers; 47 VM reporting tests, 24 focused parser/ownership cases, 25 HTTP/root scope cases. See SECURITY-AUDIT-REVIEW-2026-09-24.md for resource budgets and limitations."
rpc,sitestats.refresh,daemon/server.py,<lambda>,kernel-peer-uid; root-credential; policy=root_internal,reviewed-fixed,"Source review plus 41 SSL tests, 8 final real-VM ACME hook tests, actual hosted/webmail HTTP challenge success/cleanup, locked idempotent renewal migration on both servers; 47 VM reporting tests, 24 focused parser/ownership cases, 25 HTTP/root scope cases. See SECURITY-AUDIT-REVIEW-2026-09-24.md for resource budgets and limitations."
rpc,slowquery.bootstrap,daemon/slowquery.py,bootstrap_slow_query_log,kernel-peer-uid; root-credential; policy=global_admin,reviewed-tested,"Manual router-to-handler review: admin-only root policy, fixed command/service allowlists, validated identifiers/CIDRs/settings, bound SQL, scoped IP ownership, root-controlled configuration/credential files, OLS no-store reveal, sandboxed template preview. 247 route/service/whitelist, 81 network, 23 dispatch/reconcile, 77 lifecycle/package, 57 mailqueue/template/IP/OLS, 36 monitor/audit tests; 251 audit-export/role tests. See SECURITY-AUDIT-REVIEW-2026-09-24.md for deployment and limitations."
rpc,slowquery.list,daemon/slowquery.py,list_slow_queries,kernel-peer-uid; root-credential; policy=global_admin,reviewed-tested,"Manual router-to-handler review: admin-only root policy, fixed command/service allowlists, validated identifiers/CIDRs/settings, bound SQL, scoped IP ownership, root-controlled configuration/credential files, OLS no-store reveal, sandboxed template preview. 247 route/service/whitelist, 81 network, 23 dispatch/reconcile, 77 lifecycle/package, 57 mailqueue/template/IP/OLS, 36 monitor/audit tests; 251 audit-export/role tests. See SECURITY-AUDIT-REVIEW-2026-09-24.md for deployment and limitations."
rpc,slowquery.status,daemon/slowquery.py,get_status,kernel-peer-uid; root-credential; policy=global_admin,reviewed-tested,"Manual router-to-handler review: admin-only root policy, fixed command/service allowlists, validated identifiers/CIDRs/settings, bound SQL, scoped IP ownership, root-controlled configuration/credential files, OLS no-store reveal, sandboxed template preview. 247 route/service/whitelist, 81 network, 23 dispatch/reconcile, 77 lifecycle/package, 57 mailqueue/template/IP/OLS, 36 monitor/audit tests; 251 audit-export/role tests. See SECURITY-AUDIT-REVIEW-2026-09-24.md for deployment and limitations."
rpc,snapshot.destination.create,daemon/snapshot_jobs.py,create_destination,kernel-peer-uid; root-credential; policy=global_admin,reviewed-fixed,BSA-2026-081: snapshot source review; pre-fix restic symlink-ancestor canary reproduced root-read; ef847ae Landlock fix; tests/test_snapshot_storage.py and tests/test_snapshot_jobs.py 25 passed including SSH transport.
rpc,snapshot.destination.initialize,daemon/snapshot_jobs.py,initialize_destination,kernel-peer-uid; root-credential; policy=global_admin,reviewed-fixed,BSA-2026-081: snapshot source review; pre-fix restic symlink-ancestor canary reproduced root-read; ef847ae Landlock fix; tests/test_snapshot_storage.py and tests/test_snapshot_jobs.py 25 passed including SSH transport.
rpc,snapshot.destination.list,daemon/snapshot_jobs.py,destinations,kernel-peer-uid; root-credential; policy=global_admin,reviewed-fixed,BSA-2026-081: snapshot source review; pre-fix restic symlink-ancestor canary reproduced root-read; ef847ae Landlock fix; tests/test_snapshot_storage.py and tests/test_snapshot_jobs.py 25 passed including SSH transport.
rpc,snapshot.destination.recovery_key,daemon/snapshot_jobs.py,recovery_key,kernel-peer-uid; root-credential; policy=global_admin,reviewed-fixed,BSA-2026-081: snapshot source review; pre-fix restic symlink-ancestor canary reproduced root-read; ef847ae Landlock fix; tests/test_snapshot_storage.py and tests/test_snapshot_jobs.py 25 passed including SSH transport.
rpc,snapshot.policy.list,daemon/snapshot_jobs.py,policies,kernel-peer-uid; root-credential; policy=global_admin,reviewed-fixed,BSA-2026-081: snapshot source review; pre-fix restic symlink-ancestor canary reproduced root-read; ef847ae Landlock fix; tests/test_snapshot_storage.py and tests/test_snapshot_jobs.py 25 passed including SSH transport.
rpc,snapshot.policy.run,daemon/snapshot_jobs.py,queue_policy,kernel-peer-uid; root-credential; policy=global_admin,reviewed-fixed,BSA-2026-081: snapshot source review; pre-fix restic symlink-ancestor canary reproduced root-read; ef847ae Landlock fix; tests/test_snapshot_storage.py and tests/test_snapshot_jobs.py 25 passed including SSH transport.
rpc,snapshot.policy.save,daemon/snapshot_jobs.py,save_policy,kernel-peer-uid; root-credential; policy=global_admin,reviewed-fixed,BSA-2026-081: snapshot source review; pre-fix restic symlink-ancestor canary reproduced root-read; ef847ae Landlock fix; tests/test_snapshot_storage.py and tests/test_snapshot_jobs.py 25 passed including SSH transport.
rpc,snapshot.restore.configuration,daemon/snapshot_restores.py,configuration_options,kernel-peer-uid; root-credential; policy=account_username,reviewed-fixed,BSA-2026-081: snapshot source review; pre-fix restic symlink-ancestor canary reproduced root-read; ef847ae Landlock fix; tests/test_snapshot_storage.py and tests/test_snapshot_jobs.py 25 passed including SSH transport.
rpc,snapshot.restore.databases,daemon/snapshot_restores.py,database_options,kernel-peer-uid; root-credential; policy=account_username,reviewed-fixed,BSA-2026-081: snapshot source review; pre-fix restic symlink-ancestor canary reproduced root-read; ef847ae Landlock fix; tests/test_snapshot_storage.py and tests/test_snapshot_jobs.py 25 passed including SSH transport.
rpc,snapshot.restore.list,daemon/snapshot_restores.py,list_restores,kernel-peer-uid; root-credential; policy=account_username,reviewed-fixed,BSA-2026-081: snapshot source review; pre-fix restic symlink-ancestor canary reproduced root-read; ef847ae Landlock fix; tests/test_snapshot_storage.py and tests/test_snapshot_jobs.py 25 passed including SSH transport.
rpc,snapshot.restore.mail_routing,daemon/snapshot_restores.py,routing_options,kernel-peer-uid; root-credential; policy=account_username,reviewed-fixed,BSA-2026-081: snapshot source review; pre-fix restic symlink-ancestor canary reproduced root-read; ef847ae Landlock fix; tests/test_snapshot_storage.py and tests/test_snapshot_jobs.py 25 passed including SSH transport.
rpc,snapshot.restore.mailboxes,daemon/snapshot_restores.py,mailbox_options,kernel-peer-uid; root-credential; policy=account_username,reviewed-fixed,BSA-2026-081: snapshot source review; pre-fix restic symlink-ancestor canary reproduced root-read; ef847ae Landlock fix; tests/test_snapshot_storage.py and tests/test_snapshot_jobs.py 25 passed including SSH transport.
rpc,snapshot.restore.trigger,daemon/snapshot_restores.py,trigger,kernel-peer-uid; root-credential; policy=account_username,reviewed-fixed,BSA-2026-081: snapshot source review; pre-fix restic symlink-ancestor canary reproduced root-read; ef847ae Landlock fix; tests/test_snapshot_storage.py and tests/test_snapshot_jobs.py 25 passed including SSH transport.
rpc,snapshot.restore.undo,daemon/snapshot_restores.py,undo,kernel-peer-uid; root-credential; policy=account_username,reviewed-fixed,BSA-2026-081: snapshot source review; pre-fix restic symlink-ancestor canary reproduced root-read; ef847ae Landlock fix; tests/test_snapshot_storage.py and tests/test_snapshot_jobs.py 25 passed including SSH transport.
rpc,snapshot.run.browse,daemon/snapshot_jobs.py,browse,kernel-peer-uid; root-credential; policy=account_username,reviewed-fixed,BSA-2026-081: snapshot source review; pre-fix restic symlink-ancestor canary reproduced root-read; ef847ae Landlock fix; tests/test_snapshot_storage.py and tests/test_snapshot_jobs.py 25 passed including SSH transport.
rpc,snapshot.run.list,daemon/snapshot_jobs.py,runs,kernel-peer-uid; root-credential; policy=mixed_admin_or_account,reviewed-fixed,BSA-2026-081: snapshot source review; pre-fix restic symlink-ancestor canary reproduced root-read; ef847ae Landlock fix; tests/test_snapshot_storage.py and tests/test_snapshot_jobs.py 25 passed including SSH transport.
rpc,spamfilter.entries.add,daemon/spamfilter.py,add_entry,kernel-peer-uid; root-credential; policy=account_and_domain,reviewed-fixed,spamfilter entry rollback hardening: 93 spamfilter/mail/RPC-authority tests; VM canary forced global Sieve refresh failures on add/delete/import/mailbox cleanup and verified DB rows rolled back or restored; primary spamfilter.py hash deployed
rpc,spamfilter.entries.delete,daemon/spamfilter.py,delete_entry,kernel-peer-uid; root-credential; policy=account_and_domain,reviewed-fixed,spamfilter entry rollback hardening: 93 spamfilter/mail/RPC-authority tests; VM canary forced global Sieve refresh failures on add/delete/import/mailbox cleanup and verified DB rows rolled back or restored; primary spamfilter.py hash deployed
rpc,spamfilter.entries.import,daemon/spamfilter.py,import_entries,kernel-peer-uid; root-credential; policy=account_and_domain,reviewed-fixed,spamfilter entry rollback hardening: 93 spamfilter/mail/RPC-authority tests; VM canary forced global Sieve refresh failures on add/delete/import/mailbox cleanup and verified DB rows rolled back or restored; primary spamfilter.py hash deployed
rpc,spamfilter.entries.list,daemon/spamfilter.py,list_entries,kernel-peer-uid; root-credential; policy=account_and_domain,reviewed-fixed,spamfilter entry rollback hardening: 93 spamfilter/mail/RPC-authority tests; VM canary forced global Sieve refresh failures on add/delete/import/mailbox cleanup and verified DB rows rolled back or restored; primary spamfilter.py hash deployed
rpc,spamfilter.global_default.get,daemon/server.py,<lambda>,kernel-peer-uid; root-credential; policy=global_admin,reviewed-fixed,"spam-filter consistency hardening: 89 mail/spamfilter/RPC-authority tests; VM canary verified per-domain prefs/DB rollback, global local.cf lint-before-apply, global DB failure restore, and primary hashes deployed"
rpc,spamfilter.global_default.set,daemon/server.py,<lambda>,kernel-peer-uid; root-credential; policy=global_admin,reviewed-fixed,"spam-filter consistency hardening: 89 mail/spamfilter/RPC-authority tests; VM canary verified per-domain prefs/DB rollback, global local.cf lint-before-apply, global DB failure restore, and primary hashes deployed"
rpc,sshkeys.add,daemon/sshkeys.py,add_key,kernel-peer-uid; root-credential; policy=customer_self_account,reviewed-tested,Customer-only root policy; validated public keys; descriptor-safe writes; shared-I/O/SSH 70-case regression
rpc,sshkeys.delete,daemon/sshkeys.py,delete_key,kernel-peer-uid; root-credential; policy=customer_self_account,reviewed-tested,Customer-only root policy; validated public keys; descriptor-safe writes; shared-I/O/SSH 70-case regression
rpc,sshkeys.list,daemon/sshkeys.py,list_keys,kernel-peer-uid; root-credential; policy=customer_self_account,reviewed-tested,Customer-only root policy; validated public keys; descriptor-safe writes; shared-I/O/SSH 70-case regression
rpc,ssl.admin.dashboard,daemon/ssl.py,get_admin_ssl_dashboard,kernel-peer-uid; root-credential; policy=global_admin,reviewed-fixed,"Source review plus 41 SSL tests, 8 final real-VM ACME hook tests, actual hosted/webmail HTTP challenge success/cleanup, locked idempotent renewal migration on both servers; 47 VM reporting tests, 24 focused parser/ownership cases, 25 HTTP/root scope cases. See SECURITY-AUDIT-REVIEW-2026-09-24.md for resource budgets and limitations."
rpc,ssl.dashboard,daemon/ssl.py,get_ssl_dashboard,kernel-peer-uid; root-credential; policy=account_username,reviewed-fixed,"Source review plus 41 SSL tests, 8 final real-VM ACME hook tests, actual hosted/webmail HTTP challenge success/cleanup, locked idempotent renewal migration on both servers; 47 VM reporting tests, 24 focused parser/ownership cases, 25 HTTP/root scope cases. See SECURITY-AUDIT-REVIEW-2026-09-24.md for resource budgets and limitations."
rpc,ssl.issue,daemon/ssl.py,issue_certificate,kernel-peer-uid; root-credential; policy=mixed_admin_or_account_and_domain,reviewed-fixed,"Source review plus 41 SSL tests, 8 final real-VM ACME hook tests, actual hosted/webmail HTTP challenge success/cleanup, locked idempotent renewal migration on both servers; 47 VM reporting tests, 24 focused parser/ownership cases, 25 HTTP/root scope cases. See SECURITY-AUDIT-REVIEW-2026-09-24.md for resource budgets and limitations."
rpc,ssl.issue_wildcard,daemon/ssl.py,issue_wildcard_certificate,kernel-peer-uid; root-credential; policy=mixed_admin_or_account_and_domain,reviewed-fixed,"Source review plus 41 SSL tests, 8 final real-VM ACME hook tests, actual hosted/webmail HTTP challenge success/cleanup, locked idempotent renewal migration on both servers; 47 VM reporting tests, 24 focused parser/ownership cases, 25 HTTP/root scope cases. See SECURITY-AUDIT-REVIEW-2026-09-24.md for resource budgets and limitations."
rpc,ssl.status,daemon/ssl.py,certificate_status,kernel-peer-uid; root-credential; policy=domain_owner,reviewed-fixed,"Source review plus 41 SSL tests, 8 final real-VM ACME hook tests, actual hosted/webmail HTTP challenge success/cleanup, locked idempotent renewal migration on both servers; 47 VM reporting tests, 24 focused parser/ownership cases, 25 HTTP/root scope cases. See SECURITY-AUDIT-REVIEW-2026-09-24.md for resource budgets and limitations."
rpc,staging.create,daemon/staging.py,create_staging,kernel-peer-uid; root-credential; policy=account_and_domain,reviewed-fixed,f5618e3; 32 staging/IMAP cases + reassigned-domain case; VM actual tenant copy and root-only symlink canaries
rpc,staging.delete,daemon/staging.py,delete_staging,kernel-peer-uid; root-credential; policy=account_and_domain,reviewed-fixed,f5618e3; 32 staging/IMAP cases + reassigned-domain case; VM actual tenant copy and root-only symlink canaries
rpc,staging.get,daemon/staging.py,get_staging,kernel-peer-uid; root-credential; policy=account_and_domain,reviewed-fixed,f5618e3; 32 staging/IMAP cases + reassigned-domain case; VM actual tenant copy and root-only symlink canaries
rpc,staging.sync,daemon/staging.py,sync_staging,kernel-peer-uid; root-credential; policy=account_and_domain,reviewed-fixed,f5618e3; 32 staging/IMAP cases + reassigned-domain case; VM actual tenant copy and root-only symlink canaries
rpc,system.bootstrap_ols,daemon/server.py,<lambda>,kernel-peer-uid; root-credential; policy=root_internal,pending,
rpc,system.bootstrap_pma,daemon/server.py,<lambda>,kernel-peer-uid; root-credential; policy=root_internal,pending,
rpc,system.bootstrap_spamassassin,daemon/server.py,<lambda>,kernel-peer-uid; root-credential; policy=root_internal,pending,
rpc,system.bootstrap_webmail,daemon/server.py,<lambda>,kernel-peer-uid; root-credential; policy=root_internal,pending,
rpc,system.refresh_all_vhosts,daemon/server.py,<lambda>,kernel-peer-uid; root-credential; policy=root_internal,pending,
rpc,system.refresh_main_config,daemon/server.py,<lambda>,kernel-peer-uid; root-credential; policy=root_internal,pending,
rpc,templates.suspended_page.get,daemon/site_templates.py,get_suspended_page,kernel-peer-uid; root-credential; policy=global_admin,reviewed-tested,"Manual router-to-handler review: admin-only root policy, fixed command/service allowlists, validated identifiers/CIDRs/settings, bound SQL, scoped IP ownership, root-controlled configuration/credential files, OLS no-store reveal, sandboxed template preview. 247 route/service/whitelist, 81 network, 23 dispatch/reconcile, 77 lifecycle/package, 57 mailqueue/template/IP/OLS, 36 monitor/audit tests; 251 audit-export/role tests. See SECURITY-AUDIT-REVIEW-2026-09-24.md for deployment and limitations."
rpc,templates.suspended_page.set,daemon/site_templates.py,set_suspended_page,kernel-peer-uid; root-credential; policy=global_admin,reviewed-tested,"Manual router-to-handler review: admin-only root policy, fixed command/service allowlists, validated identifiers/CIDRs/settings, bound SQL, scoped IP ownership, root-controlled configuration/credential files, OLS no-store reveal, sandboxed template preview. 247 route/service/whitelist, 81 network, 23 dispatch/reconcile, 77 lifecycle/package, 57 mailqueue/template/IP/OLS, 36 monitor/audit tests; 251 audit-export/role tests. See SECURITY-AUDIT-REVIEW-2026-09-24.md for deployment and limitations."
rpc,templates.suspension_designs.apply,daemon/site_templates.py,apply_suspension_design,kernel-peer-uid; root-credential; policy=global_admin,reviewed-tested,"Manual router-to-handler review: admin-only root policy, fixed command/service allowlists, validated identifiers/CIDRs/settings, bound SQL, scoped IP ownership, root-controlled configuration/credential files, OLS no-store reveal, sandboxed template preview. 247 route/service/whitelist, 81 network, 23 dispatch/reconcile, 77 lifecycle/package, 57 mailqueue/template/IP/OLS, 36 monitor/audit tests; 251 audit-export/role tests. See SECURITY-AUDIT-REVIEW-2026-09-24.md for deployment and limitations."
rpc,templates.suspension_designs.get,daemon/site_templates.py,get_suspension_designs,kernel-peer-uid; root-credential; policy=global_admin,reviewed-tested,"Manual router-to-handler review: admin-only root policy, fixed command/service allowlists, validated identifiers/CIDRs/settings, bound SQL, scoped IP ownership, root-controlled configuration/credential files, OLS no-store reveal, sandboxed template preview. 247 route/service/whitelist, 81 network, 23 dispatch/reconcile, 77 lifecycle/package, 57 mailqueue/template/IP/OLS, 36 monitor/audit tests; 251 audit-export/role tests. See SECURITY-AUDIT-REVIEW-2026-09-24.md for deployment and limitations."
rpc,templates.welcome_email.get,daemon/site_templates.py,get_welcome_email_template,kernel-peer-uid; root-credential; policy=global_admin,reviewed-tested,"Manual router-to-handler review: admin-only root policy, fixed command/service allowlists, validated identifiers/CIDRs/settings, bound SQL, scoped IP ownership, root-controlled configuration/credential files, OLS no-store reveal, sandboxed template preview. 247 route/service/whitelist, 81 network, 23 dispatch/reconcile, 77 lifecycle/package, 57 mailqueue/template/IP/OLS, 36 monitor/audit tests; 251 audit-export/role tests. See SECURITY-AUDIT-REVIEW-2026-09-24.md for deployment and limitations."
rpc,templates.welcome_email.reset,daemon/site_templates.py,reset_welcome_email_template,kernel-peer-uid; root-credential; policy=global_admin,reviewed-tested,"Manual router-to-handler review: admin-only root policy, fixed command/service allowlists, validated identifiers/CIDRs/settings, bound SQL, scoped IP ownership, root-controlled configuration/credential files, OLS no-store reveal, sandboxed template preview. 247 route/service/whitelist, 81 network, 23 dispatch/reconcile, 77 lifecycle/package, 57 mailqueue/template/IP/OLS, 36 monitor/audit tests; 251 audit-export/role tests. See SECURITY-AUDIT-REVIEW-2026-09-24.md for deployment and limitations."
rpc,templates.welcome_email.set,daemon/site_templates.py,set_welcome_email_template,kernel-peer-uid; root-credential; policy=global_admin,reviewed-tested,"Manual router-to-handler review: admin-only root policy, fixed command/service allowlists, validated identifiers/CIDRs/settings, bound SQL, scoped IP ownership, root-controlled configuration/credential files, OLS no-store reveal, sandboxed template preview. 247 route/service/whitelist, 81 network, 23 dispatch/reconcile, 77 lifecycle/package, 57 mailqueue/template/IP/OLS, 36 monitor/audit tests; 251 audit-export/role tests. See SECURITY-AUDIT-REVIEW-2026-09-24.md for deployment and limitations."
rpc,terminal.close,daemon/terminal.py,close_session,kernel-peer-uid; root-credential; policy=account_terminal_session_owner,reviewed-fixed,"terminal local-only key hardening: 44 focused terminal/RPC-authority tests; VM real sshd canary proved localhost generated-key login, public-host key rejection by sshd from= restriction, close removed key; primary hashes deployed"
rpc,terminal.list,daemon/terminal.py,list_sessions,kernel-peer-uid; root-credential; policy=account_username,reviewed-fixed,"terminal local-only key hardening: 44 focused terminal/RPC-authority tests; VM real sshd canary proved localhost generated-key login, public-host key rejection by sshd from= restriction, close removed key; primary hashes deployed"
rpc,terminal.open,daemon/terminal.py,open_session,kernel-peer-uid; root-credential; policy=account_username,reviewed-fixed,"terminal local-only key hardening: 44 focused terminal/RPC-authority tests; VM real sshd canary proved localhost generated-key login, public-host key rejection by sshd from= restriction, close removed key; primary hashes deployed"
rpc,totp.check_login_code,daemon/totp.py,check_login_code,kernel-peer-uid; root-credential; policy=root_internal_replace_with_login_protocol,reviewed-fixed,"auth/session/TOTP/RPC authority: 82 focused tests passed; hashed sessions, root-side login protocol, token admin checks, TOTP replay/recovery serialization, live VM login smoke"
rpc,totp.disable,daemon/totp.py,disable_totp,kernel-peer-uid; root-credential; policy=self_panel_user_session_with_password,reviewed-fixed,"auth/session/TOTP/RPC authority: 82 focused tests passed; hashed sessions, root-side login protocol, token admin checks, TOTP replay/recovery serialization, live VM login smoke"
rpc,totp.setup,daemon/totp.py,setup_totp,kernel-peer-uid; root-credential; policy=self_panel_user_session_only,reviewed-fixed,"auth/session/TOTP/RPC authority: 82 focused tests passed; hashed sessions, root-side login protocol, token admin checks, TOTP replay/recovery serialization, live VM login smoke"
rpc,totp.status,daemon/totp.py,get_status,kernel-peer-uid; root-credential; policy=self_panel_user_session_only,reviewed-fixed,"auth/session/TOTP/RPC authority: 82 focused tests passed; hashed sessions, root-side login protocol, token admin checks, TOTP replay/recovery serialization, live VM login smoke"
rpc,totp.verify,daemon/totp.py,verify_totp,kernel-peer-uid; root-credential; policy=self_panel_user_session_only,reviewed-fixed,"auth/session/TOTP/RPC authority: 82 focused tests passed; hashed sessions, root-side login protocol, token admin checks, TOTP replay/recovery serialization, live VM login smoke"
rpc,update.check,daemon/updates.py,check,kernel-peer-uid; root-credential; policy=global_admin,reviewed-fixed,"update/release gate: 16 API/version/signature, 89 update/finalizer, 11 release tests; VM signed 1.5.1 update job and rollback job completed; post-rollback admin login smoke"
rpc,update.cleanup,daemon/updates.py,cleanup_old_versions,kernel-peer-uid; root-credential; policy=root_internal,reviewed-fixed,"update/release gate: 16 API/version/signature, 89 update/finalizer, 11 release tests; VM signed 1.5.1 update job and rollback job completed; post-rollback admin login smoke"
rpc,update.history,daemon/updates.py,get_history,kernel-peer-uid; root-credential; policy=global_admin,reviewed-fixed,"update/release gate: 16 API/version/signature, 89 update/finalizer, 11 release tests; VM signed 1.5.1 update job and rollback job completed; post-rollback admin login smoke"
rpc,update.log,daemon/updates.py,get_log,kernel-peer-uid; root-credential; policy=global_admin,reviewed-fixed,"update/release gate: 16 API/version/signature, 89 update/finalizer, 11 release tests; VM signed 1.5.1 update job and rollback job completed; post-rollback admin login smoke"
rpc,update.rollback,daemon/updates.py,start_rollback,kernel-peer-uid; root-credential; policy=admin_confirmed_update,reviewed-fixed,"update/release gate: 16 API/version/signature, 89 update/finalizer, 11 release tests; VM signed 1.5.1 update job and rollback job completed; post-rollback admin login smoke"
rpc,update.start,daemon/updates.py,start_update,kernel-peer-uid; root-credential; policy=admin_confirmed_update,reviewed-fixed,"update/release gate: 16 API/version/signature, 89 update/finalizer, 11 release tests; VM signed 1.5.1 update job and rollback job completed; post-rollback admin login smoke"
rpc,update.status,daemon/updates.py,get_status,kernel-peer-uid; root-credential; policy=global_admin,reviewed-fixed,"update/release gate: 16 API/version/signature, 89 update/finalizer, 11 release tests; VM signed 1.5.1 update job and rollback job completed; post-rollback admin login smoke"
rpc,usage.alerts.get,daemon/usage_alerts.py,get_alerts,kernel-peer-uid; root-credential; policy=account_username,reviewed-fixed,SECURITY-AUDIT-REVIEW-2026-09-24.md; lifecycle-dns-review-tests.log (140 passed); outbound-security-tests.log (227 passed); root RPC role/ownership matrix. Deployment acceptance separate.
rpc,usage.get,daemon/handlers_usage.py,get_account_usage,kernel-peer-uid; root-credential; policy=account_username,reviewed-fixed,"Source review plus 41 SSL tests, 8 final real-VM ACME hook tests, actual hosted/webmail HTTP challenge success/cleanup, locked idempotent renewal migration on both servers; 47 VM reporting tests, 24 focused parser/ownership cases, 25 HTTP/root scope cases. See SECURITY-AUDIT-REVIEW-2026-09-24.md for resource budgets and limitations."
rpc,usage.limits.get,daemon/usage_alerts.py,get_limits,kernel-peer-uid; root-credential; policy=account_username,reviewed-fixed,SECURITY-AUDIT-REVIEW-2026-09-24.md; lifecycle-dns-review-tests.log (140 passed); outbound-security-tests.log (227 passed); root RPC role/ownership matrix. Deployment acceptance separate.
rpc,usage.limits.set,daemon/usage_alerts.py,set_limits,kernel-peer-uid; root-credential; policy=global_admin,reviewed-fixed,SECURITY-AUDIT-REVIEW-2026-09-24.md; lifecycle-dns-review-tests.log (140 passed); outbound-security-tests.log (227 passed); root RPC role/ownership matrix. Deployment acceptance separate.
rpc,waf.add_custom_rule,daemon/waf.py,add_custom_rule,kernel-peer-uid; root-credential; policy=global_admin,reviewed-fixed,BSA-2026-072; waf-file-transaction-tests.log:114 passed; real VM HTTP enforcement
rpc,waf.blocked_requests,daemon/waf.py,list_blocked_requests,kernel-peer-uid; root-credential; policy=global_admin,reviewed-fixed,BSA-2026-072; waf-file-transaction-tests.log:114 passed; real VM HTTP enforcement
rpc,waf.delete_custom_rule,daemon/waf.py,delete_custom_rule,kernel-peer-uid; root-credential; policy=global_admin,reviewed-fixed,BSA-2026-072; waf-file-transaction-tests.log:114 passed; real VM HTTP enforcement
rpc,waf.set_domain_override,daemon/waf.py,set_domain_override,kernel-peer-uid; root-credential; policy=global_admin,reviewed-fixed,BSA-2026-072; waf-file-transaction-tests.log:114 passed; real VM HTTP enforcement
rpc,waf.set_enabled,daemon/waf.py,set_enabled,kernel-peer-uid; root-credential; policy=global_admin,reviewed-fixed,BSA-2026-072; waf-file-transaction-tests.log:114 passed; real VM HTTP enforcement
rpc,waf.status,daemon/waf.py,get_status,kernel-peer-uid; root-credential; policy=global_admin,reviewed-fixed,BSA-2026-072; waf-file-transaction-tests.log:114 passed; real VM HTTP enforcement
rpc,webhooks.create,daemon/webhooks.py,create_webhook,kernel-peer-uid; root-credential; policy=global_admin,reviewed-fixed,SECURITY-AUDIT-REVIEW-2026-09-24.md; lifecycle-dns-review-tests.log (140 passed); outbound-security-tests.log (227 passed); root RPC role/ownership matrix. Deployment acceptance separate.
rpc,webhooks.delete,daemon/webhooks.py,delete_webhook,kernel-peer-uid; root-credential; policy=global_admin,reviewed-fixed,SECURITY-AUDIT-REVIEW-2026-09-24.md; lifecycle-dns-review-tests.log (140 passed); outbound-security-tests.log (227 passed); root RPC role/ownership matrix. Deployment acceptance separate.
rpc,webhooks.deliveries.list,daemon/webhooks.py,list_deliveries,kernel-peer-uid; root-credential; policy=global_admin,reviewed-fixed,SECURITY-AUDIT-REVIEW-2026-09-24.md; lifecycle-dns-review-tests.log (140 passed); outbound-security-tests.log (227 passed); root RPC role/ownership matrix. Deployment acceptance separate.
rpc,webhooks.get,daemon/webhooks.py,get_webhook,kernel-peer-uid; root-credential; policy=global_admin,reviewed-fixed,SECURITY-AUDIT-REVIEW-2026-09-24.md; lifecycle-dns-review-tests.log (140 passed); outbound-security-tests.log (227 passed); root RPC role/ownership matrix. Deployment acceptance separate.
rpc,webhooks.list,daemon/webhooks.py,list_webhooks,kernel-peer-uid; root-credential; policy=global_admin,reviewed-fixed,SECURITY-AUDIT-REVIEW-2026-09-24.md; lifecycle-dns-review-tests.log (140 passed); outbound-security-tests.log (227 passed); root RPC role/ownership matrix. Deployment acceptance separate.
rpc,webhooks.test,daemon/webhooks.py,test_webhook,kernel-peer-uid; root-credential; policy=global_admin,reviewed-fixed,SECURITY-AUDIT-REVIEW-2026-09-24.md; lifecycle-dns-review-tests.log (140 passed); outbound-security-tests.log (227 passed); root RPC role/ownership matrix. Deployment acceptance separate.
rpc,webhooks.update,daemon/webhooks.py,update_webhook,kernel-peer-uid; root-credential; policy=global_admin,reviewed-fixed,SECURITY-AUDIT-REVIEW-2026-09-24.md; lifecycle-dns-review-tests.log (140 passed); outbound-security-tests.log (227 passed); root RPC role/ownership matrix. Deployment acceptance separate.
rpc,wildcard.get,daemon/handlers_wildcard.py,get_wildcard,kernel-peer-uid; root-credential; policy=account_and_domain,reviewed-tested,SECURITY-AUDIT-REVIEW-2026-09-24.md; lifecycle-dns-review-tests.log (140 passed); outbound-security-tests.log (227 passed); root RPC role/ownership matrix. Deployment acceptance separate.
rpc,wildcard.set,daemon/handlers_wildcard.py,set_wildcard,kernel-peer-uid; root-credential; policy=account_and_domain,reviewed-tested,SECURITY-AUDIT-REVIEW-2026-09-24.md; lifecycle-dns-review-tests.log (140 passed); outbound-security-tests.log (227 passed); root RPC role/ownership matrix. Deployment acceptance separate.
rpc,wordpress.install.get,daemon/wordpress.py,get_job,kernel-peer-uid; root-credential; policy=account_and_domain,pending,
rpc,wordpress.install.list,daemon/wordpress.py,list_installs,kernel-peer-uid; root-credential; policy=account_and_domain,pending,
rpc,wordpress.install.trigger,daemon/wordpress.py,trigger_install,kernel-peer-uid; root-credential; policy=account_and_domain,pending,
rpc,wpcli.detect,daemon/wpcli.py,detect_installs,kernel-peer-uid; root-credential; policy=account_and_domain,reviewed-fixed,"f5618e3; wordpress-tools-review.log:57 passed; version-file no-follow read, allowlisted commands, scoped jobs"
rpc,wpcli.get,daemon/wpcli.py,get_run,kernel-peer-uid; root-credential; policy=account_and_domain,reviewed-fixed,"f5618e3; wordpress-tools-review.log:57 passed; version-file no-follow read, allowlisted commands, scoped jobs"
rpc,wpcli.list,daemon/wpcli.py,list_runs,kernel-peer-uid; root-credential; policy=account_and_domain,reviewed-fixed,"f5618e3; wordpress-tools-review.log:57 passed; version-file no-follow read, allowlisted commands, scoped jobs"
rpc,wpcli.run,daemon/wpcli.py,run_wpcli,kernel-peer-uid; root-credential; policy=account_and_domain,reviewed-fixed,"f5618e3; wordpress-tools-review.log:57 passed; version-file no-follow read, allowlisted commands, scoped jobs"
rpc,wpmanager.inventory,daemon/wpmanager.py,inventory,kernel-peer-uid; root-credential; policy=mixed_admin_or_account,reviewed-tested,"wordpress-tools-review.log:57 passed; tenant workers, scoped DB removal, one-time expiring login bridge"
rpc,wpmanager.login,daemon/wpmanager.py,login,kernel-peer-uid; root-credential; policy=account_and_domain,reviewed-tested,"wordpress-tools-review.log:57 passed; tenant workers, scoped DB removal, one-time expiring login bridge"
rpc,wpmanager.operation,daemon/wpmanager.py,operation,kernel-peer-uid; root-credential; policy=account_and_domain,reviewed-tested,"wordpress-tools-review.log:57 passed; tenant workers, scoped DB removal, one-time expiring login bridge"
rpc,wpmanager.refresh,daemon/wpmanager.py,refresh_site,kernel-peer-uid; root-credential; policy=account_and_domain,reviewed-tested,"wordpress-tools-review.log:57 passed; tenant workers, scoped DB removal, one-time expiring login bridge"
rpc,wpmanager.remove,daemon/wpmanager.py,remove,kernel-peer-uid; root-credential; policy=account_and_domain,reviewed-tested,"wordpress-tools-review.log:57 passed; tenant workers, scoped DB removal, one-time expiring login bridge"
rpc,wpmanager.scan,daemon/wpmanager.py,scan,kernel-peer-uid; root-credential; policy=mixed_admin_or_account,reviewed-tested,"wordpress-tools-review.log:57 passed; tenant workers, scoped DB removal, one-time expiring login bridge"
service,boron-api.service,deploy/boron-api.service,/opt/boron/.venv/bin/python -m api.serve,systemd user=boron-api,pending,
service,boron-filebrowser@.service,deploy/boron-filebrowser@.service,/usr/local/bin/filebrowser-quantum -c /var/lib/boron-filebrowser/%i/config.yaml,systemd user=%i,reviewed-fixed,BSA-2026-030/BSA-2026-036; 46547ff/112ed30/b8ec15d; 92+43 focused tests; VM own/cross-account/write and hostile-backend canaries; Chromium HTML/SVG isolation; primary smoke
service,boron-provisiond.service,deploy/boron-provisiond.service,/opt/boron/.venv/bin/python -m daemon.server,systemd user=root,pending,
shell-script,deploy.sh,scripts/deploy.sh,deploy.sh,invocation and effective UID pending review,pending,
shell-script,install.sh,scripts/install.sh,install.sh,invocation and effective UID pending review,pending,
shell-script,install_filebrowser.sh,scripts/install_filebrowser.sh,install_filebrowser.sh,invocation and effective UID pending review,pending,
shell-script,install_time_sync.sh,scripts/install_time_sync.sh,install_time_sync.sh,invocation and effective UID pending review,pending,
shell-script,migrate_to_boron.sh,scripts/migrate_to_boron.sh,migrate_to_boron.sh,invocation and effective UID pending review,pending,
shell-script,release.sh,scripts/release.sh,release.sh,invocation and effective UID pending review,pending,
shell-script,test.sh,scripts/test.sh,test.sh,invocation and effective UID pending review,pending,
